,RawData_file,First3,Breedcode,Chip,Region,Country,Name
100002000,genos_100.txt,100,100,55k,GB,Scotland,x
100002290,genos_100.txt,100,100,55k,GB,Scotland,x
100002420,genos_100.txt,100,100,55k,GB,Scotland,x
100002460,genos_100.txt,100,100,55k,GB,Scotland,x
100002480,genos_100.txt,100,100,55k,GB,Scotland,x
100002540,genos_100.txt,100,100,55k,GB,Scotland,x
100002560,genos_100.txt,100,100,55k,GB,Scotland,x
100002570,genos_100.txt,100,100,55k,GB,Scotland,x
100002630,genos_100.txt,100,100,55k,GB,Scotland,x
100002670,genos_100.txt,100,100,55k,GB,Scotland,x
100002720,genos_100.txt,100,100,55k,GB,Scotland,x
100002830,genos_100.txt,100,100,55k,GB,Scotland,x
100002960,genos_100.txt,100,100,55k,GB,Scotland,x
100003020,genos_100.txt,100,100,55k,GB,Scotland,x
100008080,genos_100.txt,100,100,55k,GB,Scotland,x
100018220,genos_100.txt,100,100,55k,GB,Scotland,x
100020210,genos_100.txt,100,100,55k,GB,Scotland,x
100020270,genos_100.txt,100,100,55k,GB,Scotland,x
100020430,genos_100.txt,100,100,55k,GB,Scotland,x
100020700,genos_100.txt,100,100,55k,GB,Scotland,x
100020720,genos_100.txt,100,100,55k,GB,Scotland,x
100022000,genos_100.txt,100,100,55k,GB,Scotland,x
100022140,genos_100.txt,100,100,55k,GB,Scotland,x
100022160,genos_100.txt,100,100,55k,GB,Scotland,x
100022220,genos_100.txt,100,100,55k,GB,Scotland,x
100022240,genos_100.txt,100,100,55k,GB,Scotland,x
100022260,genos_100.txt,100,100,55k,GB,Scotland,x
100022320,genos_100.txt,100,100,55k,GB,Scotland,x
100022360,genos_100.txt,100,100,55k,GB,Scotland,x
100022470,genos_100.txt,100,100,55k,GB,Scotland,x
100022490,genos_100.txt,100,100,55k,GB,Scotland,x
100023200,genos_100.txt,100,100,55k,GB,Scotland,x
100023440,genos_100.txt,100,100,55k,GB,Scotland,x
100023480,genos_100.txt,100,100,55k,GB,Scotland,x
100023570,genos_100.txt,100,100,55k,GB,Scotland,x
100023640,genos_100.txt,100,100,55k,GB,Scotland,x
100023660,genos_100.txt,100,100,55k,GB,Scotland,x
100023700,genos_100.txt,100,100,55k,GB,Scotland,x
100023750,genos_100.txt,100,100,55k,GB,Scotland,x
100023780,genos_100.txt,100,100,55k,GB,Scotland,x
100023790,genos_100.txt,100,100,55k,GB,Scotland,x
100023830,genos_100.txt,100,100,55k,GB,Scotland,x
100023850,genos_100.txt,100,100,55k,GB,Scotland,x
100023880,genos_100.txt,100,100,55k,GB,Scotland,x
100023990,genos_100.txt,100,100,55k,GB,Scotland,x
100024030,genos_100.txt,100,100,55k,GB,Scotland,x
100024040,genos_100.txt,100,100,55k,GB,Scotland,x
100024050,genos_100.txt,100,100,55k,GB,Scotland,x
100030440,genos_100.txt,100,100,55k,GB,Scotland,x
100030550,genos_100.txt,100,100,55k,GB,Scotland,x
100030980,genos_100.txt,100,100,55k,GB,Scotland,x
100044250,genos_100.txt,100,100,55k,GB,Scotland,x
100044350,genos_100.txt,100,100,55k,GB,Scotland,x
100044460,genos_100.txt,100,100,55k,GB,Scotland,x
100044830,genos_100.txt,100,100,55k,GB,Scotland,x
100044850,genos_100.txt,100,100,55k,GB,Scotland,x
100045730,genos_100.txt,100,100,55k,GB,Scotland,x
100046090,genos_100.txt,100,100,55k,GB,Scotland,x
100046590,genos_100.txt,100,100,55k,GB,Scotland,x
100046860,genos_100.txt,100,100,55k,GB,Scotland,x
100047800,genos_100.txt,100,100,55k,GB,Scotland,x
100063100,genos_100.txt,100,100,55k,GB,Scotland,x
100071410,genos_100.txt,100,100,55k,GB,Scotland,x
100071420,genos_100.txt,100,100,55k,GB,Scotland,x
100071430,genos_100.txt,100,100,55k,GB,Scotland,x
100071480,genos_100.txt,100,100,55k,GB,Scotland,x
100071550,genos_100.txt,100,100,55k,GB,Scotland,x
100071620,genos_100.txt,100,100,55k,GB,Scotland,x
100071630,genos_100.txt,100,100,55k,GB,Scotland,x
100071660,genos_100.txt,100,100,55k,GB,Scotland,x
100208020,genos_100.txt,100,100,55k,GB,Scotland,x
100320120,genos_100.txt,100,100,55k,GB,Scotland,x
100320630,genos_100.txt,100,100,55k,GB,Scotland,x
100320870,genos_100.txt,100,100,55k,GB,Scotland,x
100321050,genos_100.txt,100,100,55k,GB,Scotland,x
100331000,genos_100.txt,100,100,55k,GB,Scotland,x
100331040,genos_100.txt,100,100,55k,GB,Scotland,x
100331070,genos_100.txt,100,100,55k,GB,Scotland,x
100331090,genos_100.txt,100,100,55k,GB,Scotland,x
100331100,genos_100.txt,100,100,55k,GB,Scotland,x
100331150,genos_100.txt,100,100,55k,GB,Scotland,x
100331270,genos_100.txt,100,100,55k,GB,Scotland,x
100331300,genos_100.txt,100,100,55k,GB,Scotland,x
100331340,genos_100.txt,100,100,55k,GB,Scotland,x
100331350,genos_100.txt,100,100,55k,GB,Scotland,x
100331440,genos_100.txt,100,100,55k,GB,Scotland,x
100331450,genos_100.txt,100,100,55k,GB,Scotland,x
100331470,genos_100.txt,100,100,55k,GB,Scotland,x
100331490,genos_100.txt,100,100,55k,GB,Scotland,x
100331510,genos_100.txt,100,100,55k,GB,Scotland,x
101182440,genos_101.txt,101,101,55k,GB,England,x
101182441,genos_101.txt,101,101,55k,GB,England,x
101182450,genos_101.txt,101,101,55k,GB,England,x
101182460,genos_101.txt,101,101,55k,GB,England,x
101182470,genos_101.txt,101,101,55k,GB,England,x
101182480,genos_101.txt,101,101,55k,GB,England,x
101182490,genos_101.txt,101,101,55k,GB,England,x
101182500,genos_101.txt,101,101,55k,GB,England,x
101182550,genos_101.txt,101,101,55k,GB,England,x
101182560,genos_101.txt,101,101,55k,GB,England,x
101182570,genos_101.txt,101,101,55k,GB,England,x
101182580,genos_101.txt,101,101,55k,GB,England,x
101182590,genos_101.txt,101,101,55k,GB,England,x
101182610,genos_101.txt,101,101,55k,GB,England,x
101182620,genos_101.txt,101,101,55k,GB,England,x
101182630,genos_101.txt,101,101,55k,GB,England,x
101182650,genos_101.txt,101,101,55k,GB,England,x
101182660,genos_101.txt,101,101,55k,GB,England,x
101182670,genos_101.txt,101,101,55k,GB,England,x
101182680,genos_101.txt,101,101,55k,GB,England,x
101182690,genos_101.txt,101,101,55k,GB,England,x
101182700,genos_101.txt,101,101,55k,GB,England,x
101182720,genos_101.txt,101,101,55k,GB,England,x
101182730,genos_101.txt,101,101,55k,GB,England,x
101182740,genos_101.txt,101,101,55k,GB,England,x
101182770,genos_101.txt,101,101,55k,GB,England,x
101182780,genos_101.txt,101,101,55k,GB,England,x
101182790,genos_101.txt,101,101,55k,GB,England,x
101182810,genos_101.txt,101,101,55k,GB,England,x
101182820,genos_101.txt,101,101,55k,GB,England,x
101182830,genos_101.txt,101,101,55k,GB,England,x
101182840,genos_101.txt,101,101,55k,GB,England,x
101182850,genos_101.txt,101,101,55k,GB,England,x
101182860,genos_101.txt,101,101,55k,GB,England,x
101182870,genos_101.txt,101,101,55k,GB,England,x
101182880,genos_101.txt,101,101,55k,GB,England,x
101182900,genos_101.txt,101,101,55k,GB,England,x
101183280,genos_101.txt,101,101,55k,GB,England,x
101183290,genos_101.txt,101,101,55k,GB,England,x
101183300,genos_101.txt,101,101,55k,GB,England,x
101183310,genos_101.txt,101,101,55k,GB,England,x
101183320,genos_101.txt,101,101,55k,GB,England,x
101208370,genos_101.txt,101,101,55k,GB,England,x
101208400,genos_101.txt,101,101,55k,GB,England,x
101208420,genos_101.txt,101,101,55k,GB,England,x
101208430,genos_101.txt,101,101,55k,GB,England,x
101208440,genos_101.txt,101,101,55k,GB,England,x
101208450,genos_101.txt,101,101,55k,GB,England,x
101208460,genos_101.txt,101,101,55k,GB,England,x
101208470,genos_101.txt,101,101,55k,GB,England,x
101208480,genos_101.txt,101,101,55k,GB,England,x
101208490,genos_101.txt,101,101,55k,GB,England,x
101208510,genos_101.txt,101,101,55k,GB,England,x
101208520,genos_101.txt,101,101,55k,GB,England,x
101208530,genos_101.txt,101,101,55k,GB,England,x
101208550,genos_101.txt,101,101,55k,GB,England,x
101208560,genos_101.txt,101,101,55k,GB,England,x
101208570,genos_101.txt,101,101,55k,GB,England,x
101208580,genos_101.txt,101,101,55k,GB,England,x
101208590,genos_101.txt,101,101,55k,GB,England,x
101208600,genos_101.txt,101,101,55k,GB,England,x
101209020,genos_101.txt,101,101,55k,GB,England,x
101209030,genos_101.txt,101,101,55k,GB,England,x
101209040,genos_101.txt,101,101,55k,GB,England,x
101209090,genos_101.txt,101,101,55k,GB,England,x
101209100,genos_101.txt,101,101,55k,GB,England,x
101209160,genos_101.txt,101,101,55k,GB,England,x
101209170,genos_101.txt,101,101,55k,GB,England,x
101209190,genos_101.txt,101,101,55k,GB,England,x
101209200,genos_101.txt,101,101,55k,GB,England,x
101209210,genos_101.txt,101,101,55k,GB,England,x
101209230,genos_101.txt,101,101,55k,GB,England,x
101209240,genos_101.txt,101,101,55k,GB,England,x
101209280,genos_101.txt,101,101,55k,GB,England,x
101293770,genos_101.txt,101,101,55k,GB,England,x
101293850,genos_101.txt,101,101,55k,GB,England,x
101294020,genos_101.txt,101,101,55k,GB,England,x
101294130,genos_101.txt,101,101,55k,GB,England,x
101335789,genos_101.txt,101,101,55k,GB,England,x
101335799,genos_101.txt,101,101,55k,GB,England,x
101335809,genos_101.txt,101,101,55k,GB,England,x
101335819,genos_101.txt,101,101,55k,GB,England,x
101335829,genos_101.txt,101,101,55k,GB,England,x
101335839,genos_101.txt,101,101,55k,GB,England,x
101335849,genos_101.txt,101,101,55k,GB,England,x
101335879,genos_101.txt,101,101,55k,GB,England,x
101335909,genos_101.txt,101,101,55k,GB,England,x
101335919,genos_101.txt,101,101,55k,GB,England,x
101335929,genos_101.txt,101,101,55k,GB,England,x
101335939,genos_101.txt,101,101,55k,GB,England,x
101335999,genos_101.txt,101,101,55k,GB,England,x
101336009,genos_101.txt,101,101,55k,GB,England,x
101336029,genos_101.txt,101,101,55k,GB,England,x
101336039,genos_101.txt,101,101,55k,GB,England,x
101336049,genos_101.txt,101,101,55k,GB,England,x
101336059,genos_101.txt,101,101,55k,GB,England,x
101336069,genos_101.txt,101,101,55k,GB,England,x
101336079,genos_101.txt,101,101,55k,GB,England,x
101336089,genos_101.txt,101,101,55k,GB,England,x
101336099,genos_101.txt,101,101,55k,GB,England,x
102073800,genos_102.txt,102,102,55k,S.Eur,France,x
102073871,genos_102.txt,102,102,55k,S.Eur,France,x
102073931,genos_102.txt,102,102,55k,S.Eur,France,x
102074140,genos_102.txt,102,102,55k,S.Eur,France,x
102074171,genos_102.txt,102,102,55k,S.Eur,France,x
102074181,genos_102.txt,102,102,55k,S.Eur,France,x
102074261,genos_102.txt,102,102,55k,S.Eur,France,x
102074270,genos_102.txt,102,102,55k,S.Eur,France,x
102074360,genos_102.txt,102,102,55k,S.Eur,France,x
102074401,genos_102.txt,102,102,55k,S.Eur,France,x
102074420,genos_102.txt,102,102,55k,S.Eur,France,x
102077121,genos_102.txt,102,102,55k,S.Eur,France,x
102085060,genos_102.txt,102,102,55k,S.Eur,France,x
102085100,genos_102.txt,102,102,55k,S.Eur,France,x
102085740,genos_102.txt,102,102,55k,S.Eur,France,x
102085810,genos_102.txt,102,102,55k,S.Eur,France,x
102085890,genos_102.txt,102,102,55k,S.Eur,France,x
102085910,genos_102.txt,102,102,55k,S.Eur,France,x
102085990,genos_102.txt,102,102,55k,S.Eur,France,x
102086360,genos_102.txt,102,102,55k,S.Eur,France,x
102086700,genos_102.txt,102,102,55k,S.Eur,France,x
102086750,genos_102.txt,102,102,55k,S.Eur,France,x
102087080,genos_102.txt,102,102,55k,S.Eur,France,x
102087240,genos_102.txt,102,102,55k,S.Eur,France,x
102087350,genos_102.txt,102,102,55k,S.Eur,France,x
102087360,genos_102.txt,102,102,55k,S.Eur,France,x
102087400,genos_102.txt,102,102,55k,S.Eur,France,x
102087650,genos_102.txt,102,102,55k,S.Eur,France,x
102087860,genos_102.txt,102,102,55k,S.Eur,France,x
102087890,genos_102.txt,102,102,55k,S.Eur,France,x
102088040,genos_102.txt,102,102,55k,S.Eur,France,x
102088120,genos_102.txt,102,102,55k,S.Eur,France,x
102088130,genos_102.txt,102,102,55k,S.Eur,France,x
102088140,genos_102.txt,102,102,55k,S.Eur,France,x
102098000,genos_102.txt,102,102,55k,S.Eur,France,x
102100770,genos_102.txt,102,102,55k,S.Eur,France,x
102101870,genos_102.txt,102,102,55k,S.Eur,France,x
102101930,genos_102.txt,102,102,55k,S.Eur,France,x
102103950,genos_102.txt,102,102,55k,S.Eur,France,x
102104630,genos_102.txt,102,102,55k,S.Eur,France,x
102105550,genos_102.txt,102,102,55k,S.Eur,France,x
102106120,genos_102.txt,102,102,55k,S.Eur,France,x
102106240,genos_102.txt,102,102,55k,S.Eur,France,x
102106490,genos_102.txt,102,102,55k,S.Eur,France,x
102106520,genos_102.txt,102,102,55k,S.Eur,France,x
102108040,genos_102.txt,102,102,55k,S.Eur,France,x
102108320,genos_102.txt,102,102,55k,S.Eur,France,x
102108520,genos_102.txt,102,102,55k,S.Eur,France,x
102110350,genos_102.txt,102,102,55k,S.Eur,France,x
102111410,genos_102.txt,102,102,55k,S.Eur,France,x
102112510,genos_102.txt,102,102,55k,S.Eur,France,x
102114010,genos_102.txt,102,102,55k,S.Eur,France,x
102114070,genos_102.txt,102,102,55k,S.Eur,France,x
102114110,genos_102.txt,102,102,55k,S.Eur,France,x
102115740,genos_102.txt,102,102,55k,S.Eur,France,x
102115800,genos_102.txt,102,102,55k,S.Eur,France,x
102127780,genos_102.txt,102,102,55k,S.Eur,France,x
102128501,genos_102.txt,102,102,55k,S.Eur,France,x
102132710,genos_102.txt,102,102,55k,S.Eur,France,x
102132780,genos_102.txt,102,102,55k,S.Eur,France,x
102132800,genos_102.txt,102,102,55k,S.Eur,France,x
102132810,genos_102.txt,102,102,55k,S.Eur,France,x
102132820,genos_102.txt,102,102,55k,S.Eur,France,x
102132830,genos_102.txt,102,102,55k,S.Eur,France,x
102133740,genos_102.txt,102,102,55k,S.Eur,France,x
102134110,genos_102.txt,102,102,55k,S.Eur,France,x
102134730,genos_102.txt,102,102,55k,S.Eur,France,x
102135670,genos_102.txt,102,102,55k,S.Eur,France,x
102136740,genos_102.txt,102,102,55k,S.Eur,France,x
102139290,genos_102.txt,102,102,55k,S.Eur,France,x
102140080,genos_102.txt,102,102,55k,S.Eur,France,x
102140240,genos_102.txt,102,102,55k,S.Eur,France,x
102140570,genos_102.txt,102,102,55k,S.Eur,France,x
102140940,genos_102.txt,102,102,55k,S.Eur,France,x
102141260,genos_102.txt,102,102,55k,S.Eur,France,x
102141370,genos_102.txt,102,102,55k,S.Eur,France,x
102141420,genos_102.txt,102,102,55k,S.Eur,France,x
102141640,genos_102.txt,102,102,55k,S.Eur,France,x
102141900,genos_102.txt,102,102,55k,S.Eur,France,x
102142040,genos_102.txt,102,102,55k,S.Eur,France,x
102142200,genos_102.txt,102,102,55k,S.Eur,France,x
102142210,genos_102.txt,102,102,55k,S.Eur,France,x
102142630,genos_102.txt,102,102,55k,S.Eur,France,x
102142650,genos_102.txt,102,102,55k,S.Eur,France,x
102143360,genos_102.txt,102,102,55k,S.Eur,France,x
102143800,genos_102.txt,102,102,55k,S.Eur,France,x
102143840,genos_102.txt,102,102,55k,S.Eur,France,x
102143870,genos_102.txt,102,102,55k,S.Eur,France,x
102143890,genos_102.txt,102,102,55k,S.Eur,France,x
102143930,genos_102.txt,102,102,55k,S.Eur,France,x
102144040,genos_102.txt,102,102,55k,S.Eur,France,x
102144180,genos_102.txt,102,102,55k,S.Eur,France,x
102144650,genos_102.txt,102,102,55k,S.Eur,France,x
102144730,genos_102.txt,102,102,55k,S.Eur,France,x
102144750,genos_102.txt,102,102,55k,S.Eur,France,x
102145620,genos_102.txt,102,102,55k,S.Eur,France,x
102183340,genos_102.txt,102,102,55k,S.Eur,France,x
102183360,genos_102.txt,102,102,55k,S.Eur,France,x
102183390,genos_102.txt,102,102,55k,S.Eur,France,x
102183460,genos_102.txt,102,102,55k,S.Eur,France,x
103183240,genos_103.txt,103,103,55k,S.Eur,France,x
103183250,genos_103.txt,103,103,55k,S.Eur,France,x
103183260,genos_103.txt,103,103,55k,S.Eur,France,x
103183270,genos_103.txt,103,103,55k,S.Eur,France,x
103208090,genos_103.txt,103,103,55k,S.Eur,France,x
103208100,genos_103.txt,103,103,55k,S.Eur,France,x
103208110,genos_103.txt,103,103,55k,S.Eur,France,x
103208120,genos_103.txt,103,103,55k,S.Eur,France,x
103208130,genos_103.txt,103,103,55k,S.Eur,France,x
103208140,genos_103.txt,103,103,55k,S.Eur,France,x
103208150,genos_103.txt,103,103,55k,S.Eur,France,x
103208160,genos_103.txt,103,103,55k,S.Eur,France,x
103208170,genos_103.txt,103,103,55k,S.Eur,France,x
103208180,genos_103.txt,103,103,55k,S.Eur,France,x
103208190,genos_103.txt,103,103,55k,S.Eur,France,x
103208200,genos_103.txt,103,103,55k,S.Eur,France,x
103208210,genos_103.txt,103,103,55k,S.Eur,France,x
103208220,genos_103.txt,103,103,55k,S.Eur,France,x
103208230,genos_103.txt,103,103,55k,S.Eur,France,x
103208240,genos_103.txt,103,103,55k,S.Eur,France,x
103208250,genos_103.txt,103,103,55k,S.Eur,France,x
103208260,genos_103.txt,103,103,55k,S.Eur,France,x
103208270,genos_103.txt,103,103,55k,S.Eur,France,x
103208280,genos_103.txt,103,103,55k,S.Eur,France,x
103208290,genos_103.txt,103,103,55k,S.Eur,France,x
103209010,genos_103.txt,103,103,55k,S.Eur,France,x
103209110,genos_103.txt,103,103,55k,S.Eur,France,x
103209120,genos_103.txt,103,103,55k,S.Eur,France,x
103209130,genos_103.txt,103,103,55k,S.Eur,France,x
103335009,genos_103.txt,103,103,55k,S.Eur,France,x
103335019,genos_103.txt,103,103,55k,S.Eur,France,x
103335029,genos_103.txt,103,103,55k,S.Eur,France,x
103335039,genos_103.txt,103,103,55k,S.Eur,France,x
103335049,genos_103.txt,103,103,55k,S.Eur,France,x
103335059,genos_103.txt,103,103,55k,S.Eur,France,x
103335069,genos_103.txt,103,103,55k,S.Eur,France,x
103335079,genos_103.txt,103,103,55k,S.Eur,France,x
103335089,genos_103.txt,103,103,55k,S.Eur,France,x
103335099,genos_103.txt,103,103,55k,S.Eur,France,x
103335109,genos_103.txt,103,103,55k,S.Eur,France,x
103335119,genos_103.txt,103,103,55k,S.Eur,France,x
103335129,genos_103.txt,103,103,55k,S.Eur,France,x
103335139,genos_103.txt,103,103,55k,S.Eur,France,x
103335149,genos_103.txt,103,103,55k,S.Eur,France,x
103335159,genos_103.txt,103,103,55k,S.Eur,France,x
103335169,genos_103.txt,103,103,55k,S.Eur,France,x
103335179,genos_103.txt,103,103,55k,S.Eur,France,x
103335189,genos_103.txt,103,103,55k,S.Eur,France,x
103335199,genos_103.txt,103,103,55k,S.Eur,France,x
103335209,genos_103.txt,103,103,55k,S.Eur,France,x
103335219,genos_103.txt,103,103,55k,S.Eur,France,x
103335229,genos_103.txt,103,103,55k,S.Eur,France,x
103335239,genos_103.txt,103,103,55k,S.Eur,France,x
103335249,genos_103.txt,103,103,55k,S.Eur,France,x
103335259,genos_103.txt,103,103,55k,S.Eur,France,x
104088430,genos_104.txt,104,104,55k,N.Eur,Switzerland,x
104088450,genos_104.txt,104,104,55k,N.Eur,Switzerland,x
104088460,genos_104.txt,104,104,55k,N.Eur,Switzerland,x
104088470,genos_104.txt,104,104,55k,N.Eur,Switzerland,x
104088480,genos_104.txt,104,104,55k,N.Eur,Switzerland,x
104088490,genos_104.txt,104,104,55k,N.Eur,Switzerland,x
104088500,genos_104.txt,104,104,55k,N.Eur,Switzerland,x
104088510,genos_104.txt,104,104,55k,N.Eur,Switzerland,x
104088520,genos_104.txt,104,104,55k,N.Eur,Switzerland,x
104173550,genos_104.txt,104,104,55k,N.Eur,Switzerland,x
104183650,genos_104.txt,104,104,55k,N.Eur,Switzerland,x
104183660,genos_104.txt,104,104,55k,N.Eur,Switzerland,x
104183670,genos_104.txt,104,104,55k,N.Eur,Switzerland,x
104183680,genos_104.txt,104,104,55k,N.Eur,Switzerland,x
104183690,genos_104.txt,104,104,55k,N.Eur,Switzerland,x
104183700,genos_104.txt,104,104,55k,N.Eur,Switzerland,x
104183710,genos_104.txt,104,104,55k,N.Eur,Switzerland,x
104183720,genos_104.txt,104,104,55k,N.Eur,Switzerland,x
104183730,genos_104.txt,104,104,55k,N.Eur,Switzerland,x
104183740,genos_104.txt,104,104,55k,N.Eur,Switzerland,x
104183750,genos_104.txt,104,104,55k,N.Eur,Switzerland,x
104183760,genos_104.txt,104,104,55k,N.Eur,Switzerland,x
104183770,genos_104.txt,104,104,55k,N.Eur,Switzerland,x
104183780,genos_104.txt,104,104,55k,N.Eur,Switzerland,x
104183790,genos_104.txt,104,104,55k,N.Eur,Switzerland,x
104183800,genos_104.txt,104,104,55k,N.Eur,Switzerland,x
104183810,genos_104.txt,104,104,55k,N.Eur,Switzerland,x
104183820,genos_104.txt,104,104,55k,N.Eur,Switzerland,x
104208610,genos_104.txt,104,104,55k,N.Eur,Switzerland,x
104208620,genos_104.txt,104,104,55k,N.Eur,Switzerland,x
104208630,genos_104.txt,104,104,55k,N.Eur,Switzerland,x
104208640,genos_104.txt,104,104,55k,N.Eur,Switzerland,x
104208650,genos_104.txt,104,104,55k,N.Eur,Switzerland,x
104208660,genos_104.txt,104,104,55k,N.Eur,Switzerland,x
104208670,genos_104.txt,104,104,55k,N.Eur,Switzerland,x
104208680,genos_104.txt,104,104,55k,N.Eur,Switzerland,x
104208690,genos_104.txt,104,104,55k,N.Eur,Switzerland,x
104208700,genos_104.txt,104,104,55k,N.Eur,Switzerland,x
104208710,genos_104.txt,104,104,55k,N.Eur,Switzerland,x
104208720,genos_104.txt,104,104,55k,N.Eur,Switzerland,x
104208730,genos_104.txt,104,104,55k,N.Eur,Switzerland,x
104208740,genos_104.txt,104,104,55k,N.Eur,Switzerland,x
104208750,genos_104.txt,104,104,55k,N.Eur,Switzerland,x
104208760,genos_104.txt,104,104,55k,N.Eur,Switzerland,x
104208770,genos_104.txt,104,104,55k,N.Eur,Switzerland,x
104208780,genos_104.txt,104,104,55k,N.Eur,Switzerland,x
104208790,genos_104.txt,104,104,55k,N.Eur,Switzerland,x
104208800,genos_104.txt,104,104,55k,N.Eur,Switzerland,x
104208810,genos_104.txt,104,104,55k,N.Eur,Switzerland,x
104208820,genos_104.txt,104,104,55k,N.Eur,Switzerland,x
104208830,genos_104.txt,104,104,55k,N.Eur,Switzerland,x
104208840,genos_104.txt,104,104,55k,N.Eur,Switzerland,x
104208850,genos_104.txt,104,104,55k,N.Eur,Switzerland,x
104208860,genos_104.txt,104,104,55k,N.Eur,Switzerland,x
104208870,genos_104.txt,104,104,55k,N.Eur,Switzerland,x
104208880,genos_104.txt,104,104,55k,N.Eur,Switzerland,x
104208890,genos_104.txt,104,104,55k,N.Eur,Switzerland,x
104208900,genos_104.txt,104,104,55k,N.Eur,Switzerland,x
104208910,genos_104.txt,104,104,55k,N.Eur,Switzerland,x
104208920,genos_104.txt,104,104,55k,N.Eur,Switzerland,x
104208930,genos_104.txt,104,104,55k,N.Eur,Switzerland,x
104208940,genos_104.txt,104,104,55k,N.Eur,Switzerland,x
104208950,genos_104.txt,104,104,55k,N.Eur,Switzerland,x
104208960,genos_104.txt,104,104,55k,N.Eur,Switzerland,x
104208970,genos_104.txt,104,104,55k,N.Eur,Switzerland,x
104208980,genos_104.txt,104,104,55k,N.Eur,Switzerland,x
104209050,genos_104.txt,104,104,55k,N.Eur,Switzerland,x
104209060,genos_104.txt,104,104,55k,N.Eur,Switzerland,x
104209070,genos_104.txt,104,104,55k,N.Eur,Switzerland,x
104328090,genos_104.txt,104,104,55k,N.Eur,Switzerland,x
104328100,genos_104.txt,104,104,55k,N.Eur,Switzerland,x
104328110,genos_104.txt,104,104,55k,N.Eur,Switzerland,x
104328120,genos_104.txt,104,104,55k,N.Eur,Switzerland,x
104328130,genos_104.txt,104,104,55k,N.Eur,Switzerland,x
104328140,genos_104.txt,104,104,55k,N.Eur,Switzerland,x
104328150,genos_104.txt,104,104,55k,N.Eur,Switzerland,x
104328160,genos_104.txt,104,104,55k,N.Eur,Switzerland,x
104328170,genos_104.txt,104,104,55k,N.Eur,Switzerland,x
104328180,genos_104.txt,104,104,55k,N.Eur,Switzerland,x
104328190,genos_104.txt,104,104,55k,N.Eur,Switzerland,x
104328200,genos_104.txt,104,104,55k,N.Eur,Switzerland,x
104339119,genos_104.txt,104,104,55k,N.Eur,Switzerland,x
104339129,genos_104.txt,104,104,55k,N.Eur,Switzerland,x
104339139,genos_104.txt,104,104,55k,N.Eur,Switzerland,x
105206270,genos_105.txt,105,105,55k,Asia,Japan,x
105206280,genos_105.txt,105,105,55k,Asia,Japan,x
105206290,genos_105.txt,105,105,55k,Asia,Japan,x
105206300,genos_105.txt,105,105,55k,Asia,Japan,x
105206310,genos_105.txt,105,105,55k,Asia,Japan,x
105206340,genos_105.txt,105,105,55k,Asia,Japan,x
105206360,genos_105.txt,105,105,55k,Asia,Japan,x
105206370,genos_105.txt,105,105,55k,Asia,Japan,x
105206380,genos_105.txt,105,105,55k,Asia,Japan,x
105206410,genos_105.txt,105,105,55k,Asia,Japan,x
106206790,genos_106.txt,106,106,55k,Asia,Korea,x
106206980,genos_106.txt,106,106,55k,Asia,Korea,x
106207000,genos_106.txt,106,106,55k,Asia,Korea,x
106207020,genos_106.txt,106,106,55k,Asia,Korea,x
106207160,genos_106.txt,106,106,55k,Asia,Korea,x
106207200,genos_106.txt,106,106,55k,Asia,Korea,x
106207220,genos_106.txt,106,106,55k,Asia,Korea,x
107275070,genos_107.txt,107,107,55k,N.Eur,Belgium,x
107275080,genos_107.txt,107,107,55k,N.Eur,Belgium,x
107275090,genos_107.txt,107,107,55k,N.Eur,Belgium,x
107275510,genos_107.txt,107,107,55k,N.Eur,Belgium,x
109275100,genos_109.txt,109,109,55k,S.Eur,France,x
109275110,genos_109.txt,109,109,55k,S.Eur,France,x
109275120,genos_109.txt,109,109,55k,S.Eur,France,x
109275130,genos_109.txt,109,109,55k,S.Eur,France,x
109275520,genos_109.txt,109,109,55k,S.Eur,France,x
110275600,genos_110.txt,110,110,55k,S.Eur,Italy,x
110275620,genos_110.txt,110,110,55k,S.Eur,Italy,x
110275630,genos_110.txt,110,110,55k,S.Eur,Italy,x
110328660,genos_110.txt,110,110,55k,S.Eur,Italy,x
110328670,genos_110.txt,110,110,55k,S.Eur,Italy,x
110328680,genos_110.txt,110,110,55k,S.Eur,Italy,x
110328690,genos_110.txt,110,110,55k,S.Eur,Italy,x
110328700,genos_110.txt,110,110,55k,S.Eur,Italy,x
111275530,genos_111.txt,111,111,55k,CORR,Mexico,x
111329110,genos_111.txt,111,111,55k,CORR,Mexico,x
111329120,genos_111.txt,111,111,55k,CORR,Mexico,x
111329130,genos_111.txt,111,111,55k,CORR,Mexico,x
111329140,genos_111.txt,111,111,55k,CORR,Mexico,x
112275540,genos_112.txt,112,112,55k,N.Eur,Germany,x
112275640,genos_112.txt,112,112,55k,N.Eur,Germany,x
112275650,genos_112.txt,112,112,55k,N.Eur,Germany,x
112275660,genos_112.txt,112,112,55k,N.Eur,Germany,x
112329320,genos_112.txt,112,112,55k,N.Eur,Germany,x
112335309,genos_112.txt,112,112,55k,N.Eur,Germany,x
112335319,genos_112.txt,112,112,55k,N.Eur,Germany,x
112335329,genos_112.txt,112,112,55k,N.Eur,Germany,x
113275760,genos_113.txt,113,113,55k,S.Eur,France,x
113275770,genos_113.txt,113,113,55k,S.Eur,France,x
113275780,genos_113.txt,113,113,55k,S.Eur,France,x
113329300,genos_113.txt,113,113,55k,S.Eur,France,x
113329310,genos_113.txt,113,113,55k,S.Eur,France,x
114328860,genos_114.txt,114,114,55k,GB,Australia,x
114328870,genos_114.txt,114,114,55k,GB,Australia,x
114328880,genos_114.txt,114,114,55k,GB,Australia,x
114328890,genos_114.txt,114,114,55k,GB,Australia,x
114328900,genos_114.txt,114,114,55k,GB,Australia,x
116328910,genos_116.txt,116,116,55k,S.Eur,Italy,x
116328920,genos_116.txt,116,116,55k,S.Eur,Italy,x
116328930,genos_116.txt,116,116,55k,S.Eur,Italy,x
116328940,genos_116.txt,116,116,55k,S.Eur,Italy,x
116328950,genos_116.txt,116,116,55k,S.Eur,Italy,x
116338179,genos_116.txt,116,116,55k,S.Eur,Italy,x
116338189,genos_116.txt,116,116,55k,S.Eur,Italy,x
116338199,genos_116.txt,116,116,55k,S.Eur,Italy,x
116338209,genos_116.txt,116,116,55k,S.Eur,Italy,x
116338219,genos_116.txt,116,116,55k,S.Eur,Italy,x
116338229,genos_116.txt,116,116,55k,S.Eur,Italy,x
116338239,genos_116.txt,116,116,55k,S.Eur,Italy,x
116338249,genos_116.txt,116,116,55k,S.Eur,Italy,x
116338259,genos_116.txt,116,116,55k,S.Eur,Italy,x
116338269,genos_116.txt,116,116,55k,S.Eur,Italy,x
116338279,genos_116.txt,116,116,55k,S.Eur,Italy,x
116338289,genos_116.txt,116,116,55k,S.Eur,Italy,x
116338299,genos_116.txt,116,116,55k,S.Eur,Italy,x
116338309,genos_116.txt,116,116,55k,S.Eur,Italy,x
116338319,genos_116.txt,116,116,55k,S.Eur,Italy,x
116338329,genos_116.txt,116,116,55k,S.Eur,Italy,x
116338339,genos_116.txt,116,116,55k,S.Eur,Italy,x
116338349,genos_116.txt,116,116,55k,S.Eur,Italy,x
116338359,genos_116.txt,116,116,55k,S.Eur,Italy,x
116338369,genos_116.txt,116,116,55k,S.Eur,Italy,x
116338379,genos_116.txt,116,116,55k,S.Eur,Italy,x
116338389,genos_116.txt,116,116,55k,S.Eur,Italy,x
116338399,genos_116.txt,116,116,55k,S.Eur,Italy,x
116338409,genos_116.txt,116,116,55k,S.Eur,Italy,x
117275840,genos_117.txt,117,117,55k,N.Eur,Austria,x
117329190,genos_117.txt,117,117,55k,N.Eur,Austria,x
117329200,genos_117.txt,117,117,55k,N.Eur,Austria,x
117329210,genos_117.txt,117,117,55k,N.Eur,Austria,x
117329220,genos_117.txt,117,117,55k,N.Eur,Austria,x
118275910,genos_118.txt,118,118,55k,GB,England,x
118329230,genos_118.txt,118,118,55k,GB,England,x
118329240,genos_118.txt,118,118,55k,GB,England,x
118329250,genos_118.txt,118,118,55k,GB,England,x
118329260,genos_118.txt,118,118,55k,GB,England,x
119328960,genos_119.txt,119,119,55k,S.Eur,Italy,x
119328970,genos_119.txt,119,119,55k,S.Eur,Italy,x
119328980,genos_119.txt,119,119,55k,S.Eur,Italy,x
119328990,genos_119.txt,119,119,55k,S.Eur,Italy,x
119329000,genos_119.txt,119,119,55k,S.Eur,Italy,x
119338419,genos_119.txt,119,119,55k,S.Eur,Italy,x
119338429,genos_119.txt,119,119,55k,S.Eur,Italy,x
119338439,genos_119.txt,119,119,55k,S.Eur,Italy,x
119338449,genos_119.txt,119,119,55k,S.Eur,Italy,x
119338459,genos_119.txt,119,119,55k,S.Eur,Italy,x
119338469,genos_119.txt,119,119,55k,S.Eur,Italy,x
119338479,genos_119.txt,119,119,55k,S.Eur,Italy,x
119338489,genos_119.txt,119,119,55k,S.Eur,Italy,x
119338499,genos_119.txt,119,119,55k,S.Eur,Italy,x
119338509,genos_119.txt,119,119,55k,S.Eur,Italy,x
119338519,genos_119.txt,119,119,55k,S.Eur,Italy,x
119338529,genos_119.txt,119,119,55k,S.Eur,Italy,x
119338539,genos_119.txt,119,119,55k,S.Eur,Italy,x
119338549,genos_119.txt,119,119,55k,S.Eur,Italy,x
119338559,genos_119.txt,119,119,55k,S.Eur,Italy,x
119338569,genos_119.txt,119,119,55k,S.Eur,Italy,x
119338579,genos_119.txt,119,119,55k,S.Eur,Italy,x
119338589,genos_119.txt,119,119,55k,S.Eur,Italy,x
119338599,genos_119.txt,119,119,55k,S.Eur,Italy,x
119338609,genos_119.txt,119,119,55k,S.Eur,Italy,x
119338619,genos_119.txt,119,119,55k,S.Eur,Italy,x
119338629,genos_119.txt,119,119,55k,S.Eur,Italy,x
119338639,genos_119.txt,119,119,55k,S.Eur,Italy,x
119338649,genos_119.txt,119,119,55k,S.Eur,Italy,x
120275480,genos_120.txt,120,120,55k,S.Eur,France,x
120275490,genos_120.txt,120,120,55k,S.Eur,France,x
120329270,genos_120.txt,120,120,55k,S.Eur,France,x
120329280,genos_120.txt,120,120,55k,S.Eur,France,x
120329290,genos_120.txt,120,120,55k,S.Eur,France,x
121275450,genos_121.txt,121,900,55k,NWD,Texas,x
121329330,genos_121.txt,121,900,55k,NWD,Texas,x
121329340,genos_121.txt,121,900,55k,NWD,Texas,x
121329350,genos_121.txt,121,900,55k,NWD,Texas,x
121329360,genos_121.txt,121,900,55k,NWD,Texas,x
121329370,genos_121.txt,121,900,55k,NWD,Texas,x
121329380,genos_121.txt,121,900,55k,NWD,Texas,x
121329390,genos_121.txt,121,900,55k,NWD,Texas,x
121329400,genos_121.txt,121,900,55k,NWD,Texas,x
121329410,genos_121.txt,121,900,55k,NWD,Texas,x
121329420,genos_121.txt,121,900,55k,NWD,Texas,x
121329430,genos_121.txt,121,900,55k,NWD,Texas,x
121329440,genos_121.txt,121,900,55k,NWD,Texas,x
121329450,genos_121.txt,121,900,55k,NWD,Texas,x
121329460,genos_121.txt,121,900,55k,NWD,Texas,x
121329470,genos_121.txt,121,900,55k,NWD,Texas,x
121329480,genos_121.txt,121,900,55k,NWD,Texas,x
121329490,genos_121.txt,121,900,55k,NWD,Texas,x
121329500,genos_121.txt,121,900,55k,NWD,Texas,x
121329510,genos_121.txt,121,900,55k,NWD,Texas,x
121329520,genos_121.txt,121,900,55k,NWD,Texas,x
121329530,genos_121.txt,121,900,55k,NWD,Texas,x
121329540,genos_121.txt,121,900,55k,NWD,Texas,x
121329550,genos_121.txt,121,900,55k,NWD,Texas,x
121329560,genos_121.txt,121,900,55k,NWD,Texas,x
121329570,genos_121.txt,121,900,55k,NWD,Texas,x
121329580,genos_121.txt,121,900,55k,NWD,Texas,x
121329590,genos_121.txt,121,900,55k,NWD,Texas,x
121329600,genos_121.txt,121,900,55k,NWD,Texas,x
121488129,genos_121.txt,121,900,55k,NWD,Texas,x
121488139,genos_121.txt,121,900,55k,NWD,Texas,x
121488149,genos_121.txt,121,900,55k,NWD,Texas,x
121488159,genos_121.txt,121,900,55k,NWD,Texas,x
121488169,genos_121.txt,121,900,55k,NWD,Texas,x
121488179,genos_121.txt,121,900,55k,NWD,Texas,x
121488189,genos_121.txt,121,900,55k,NWD,Texas,x
121488199,genos_121.txt,121,900,55k,NWD,Texas,x
121488209,genos_121.txt,121,900,55k,NWD,Texas,x
121488219,genos_121.txt,121,900,55k,NWD,Texas,x
121488229,genos_121.txt,121,900,55k,NWD,Texas,x
121488239,genos_121.txt,121,900,55k,NWD,Texas,x
121692020,genosTXrang.txt,121,900,55k,UNK,Texas,x
122275570,genos_122.txt,122,122,55k,GB,Scotland,x
122328370,genos_122.txt,122,122,55k,GB,Scotland,x
122328380,genos_122.txt,122,122,55k,GB,Scotland,x
122328390,genos_122.txt,122,122,55k,GB,Scotland,x
122328400,genos_122.txt,122,122,55k,GB,Scotland,x
122329150,genos_122.txt,122,122,55k,GB,Scotland,x
122329160,genos_122.txt,122,122,55k,GB,Scotland,x
122329170,genos_122.txt,122,122,55k,GB,Scotland,x
122329180,genos_122.txt,122,122,55k,GB,Scotland,x
123476350,genos_123.txt,123,123,55k,Africa,Senegal,x
123476360,genos_123.txt,123,123,55k,Africa,Senegal,x
123476370,genos_123.txt,123,123,55k,Africa,Senegal,x
123476380,genos_123.txt,123,123,55k,Africa,Senegal,x
123476390,genos_123.txt,123,123,55k,Africa,Senegal,x
123476400,genos_123.txt,123,123,55k,Africa,Senegal,x
123476410,genos_123.txt,123,123,55k,Africa,Senegal,x
123476420,genos_123.txt,123,123,55k,Africa,Senegal,x
123476430,genos_123.txt,123,123,55k,Africa,Senegal,x
123476440,genos_123.txt,123,123,55k,Africa,Senegal,x
123476450,genos_123.txt,123,123,55k,Africa,Senegal,x
123476460,genos_123.txt,123,123,55k,Africa,Senegal,x
123476470,genos_123.txt,123,123,55k,Africa,Senegal,x
123476480,genos_123.txt,123,123,55k,Africa,Senegal,x
123476490,genos_123.txt,123,123,55k,Africa,Senegal,x
123476500,genos_123.txt,123,123,55k,Africa,Senegal,x
123476510,genos_123.txt,123,123,55k,Africa,Senegal,x
123476520,genos_123.txt,123,123,55k,Africa,Senegal,x
123476530,genos_123.txt,123,123,55k,Africa,Senegal,x
123476540,genos_123.txt,123,123,55k,Africa,Senegal,x
123476550,genos_123.txt,123,123,55k,Africa,Senegal,x
123476560,genos_123.txt,123,123,55k,Africa,Senegal,x
123476570,genos_123.txt,123,123,55k,Africa,Senegal,x
123476580,genos_123.txt,123,123,55k,Africa,Senegal,x
123476590,genos_123.txt,123,123,55k,Africa,Senegal,x
123476600,genos_123.txt,123,123,55k,Africa,Senegal,x
123476610,genos_123.txt,123,123,55k,Africa,Senegal,x
123476620,genos_123.txt,123,123,55k,Africa,Senegal,x
123476630,genos_123.txt,123,123,55k,Africa,Senegal,x
123476640,genos_123.txt,123,123,55k,Africa,Senegal,x
123476650,genos_123.txt,123,123,55k,Africa,Senegal,x
123476660,genos_123.txt,123,123,55k,Africa,Senegal,x
123476670,genos_123.txt,123,123,55k,Africa,Senegal,x
123476680,genos_123.txt,123,123,55k,Africa,Senegal,x
123476690,genos_123.txt,123,123,55k,Africa,Senegal,x
123476700,genos_123.txt,123,123,55k,Africa,Senegal,x
123476710,genos_123.txt,123,123,55k,Africa,Senegal,x
124274210,genos_124.txt,124,124,55k,GB,England,x
124274220,genos_124.txt,124,124,55k,GB,England,x
124274230,genos_124.txt,124,124,55k,GB,England,x
124274240,genos_124.txt,124,124,55k,GB,England,x
124274250,genos_124.txt,124,124,55k,GB,England,x
124274260,genos_124.txt,124,124,55k,GB,England,x
124274270,genos_124.txt,124,124,55k,GB,England,x
124274280,genos_124.txt,124,124,55k,GB,England,x
124274290,genos_124.txt,124,124,55k,GB,England,x
124274300,genos_124.txt,124,124,55k,GB,England,x
124274310,genos_124.txt,124,124,55k,GB,England,x
124274320,genos_124.txt,124,124,55k,GB,England,x
124274330,genos_124.txt,124,124,55k,GB,England,x
124274340,genos_124.txt,124,124,55k,GB,England,x
124274350,genos_124.txt,124,124,55k,GB,England,x
124274360,genos_124.txt,124,124,55k,GB,England,x
124274370,genos_124.txt,124,124,55k,GB,England,x
124274380,genos_124.txt,124,124,55k,GB,England,x
124274390,genos_124.txt,124,124,55k,GB,England,x
124274400,genos_124.txt,124,124,55k,GB,England,x
124274410,genos_124.txt,124,124,55k,GB,England,x
124274420,genos_124.txt,124,124,55k,GB,England,x
124274430,genos_124.txt,124,124,55k,GB,England,x
124274440,genos_124.txt,124,124,55k,GB,England,x
124274450,genos_124.txt,124,124,55k,GB,England,x
124274460,genos_124.txt,124,124,55k,GB,England,x
124274470,genos_124.txt,124,124,55k,GB,England,x
124274480,genos_124.txt,124,124,55k,GB,England,x
124274490,genos_124.txt,124,124,55k,GB,England,x
124274500,genos_124.txt,124,124,55k,GB,England,x
124274510,genos_124.txt,124,124,55k,GB,England,x
124274520,genos_124.txt,124,124,55k,GB,England,x
124274530,genos_124.txt,124,124,55k,GB,England,x
124274540,genos_124.txt,124,124,55k,GB,England,x
124274550,genos_124.txt,124,124,55k,GB,England,x
124274560,genos_124.txt,124,124,55k,GB,England,x
124274570,genos_124.txt,124,124,55k,GB,England,x
124274650,genos_124.txt,124,124,55k,GB,England,x
124274670,genos_124.txt,124,124,55k,GB,England,x
124274680,genos_124.txt,124,124,55k,GB,England,x
124274690,genos_124.txt,124,124,55k,GB,England,x
124274700,genos_124.txt,124,124,55k,GB,England,x
124274710,genos_124.txt,124,124,55k,GB,England,x
124274720,genos_124.txt,124,124,55k,GB,England,x
124274730,genos_124.txt,124,124,55k,GB,England,x
124274740,genos_124.txt,124,124,55k,GB,England,x
124274750,genos_124.txt,124,124,55k,GB,England,x
124274760,genos_124.txt,124,124,55k,GB,England,x
124274770,genos_124.txt,124,124,55k,GB,England,x
124274780,genos_124.txt,124,124,55k,GB,England,x
124274790,genos_124.txt,124,124,55k,GB,England,x
124274800,genos_124.txt,124,124,55k,GB,England,x
124274810,genos_124.txt,124,124,55k,GB,England,x
124274820,genos_124.txt,124,124,55k,GB,England,x
124274830,genos_124.txt,124,124,55k,GB,England,x
124274840,genos_124.txt,124,124,55k,GB,England,x
124274850,genos_124.txt,124,124,55k,GB,England,x
124274860,genos_124.txt,124,124,55k,GB,England,x
124274870,genos_124.txt,124,124,55k,GB,England,x
124274880,genos_124.txt,124,124,55k,GB,England,x
124274890,genos_124.txt,124,124,55k,GB,England,x
124274900,genos_124.txt,124,124,55k,GB,England,x
124274910,genos_124.txt,124,124,55k,GB,England,x
124274920,genos_124.txt,124,124,55k,GB,England,x
124274930,genos_124.txt,124,124,55k,GB,England,x
124274940,genos_124.txt,124,124,55k,GB,England,x
124274950,genos_124.txt,124,124,55k,GB,England,x
124328520,genos_124.txt,124,124,55k,GB,England,x
124328530,genos_124.txt,124,124,55k,GB,England,x
124328540,genos_124.txt,124,124,55k,GB,England,x
124328550,genos_124.txt,124,124,55k,GB,England,x
124330530,genos_124.txt,124,124,55k,GB,England,x
124330540,genos_124.txt,124,124,55k,GB,England,x
124330640,genos_124.txt,124,124,55k,GB,England,x
124330650,genos_124.txt,124,124,55k,GB,England,x
124330660,genos_124.txt,124,124,55k,GB,England,x
124330670,genos_124.txt,124,124,55k,GB,England,x
124330700,genos_124.txt,124,124,55k,GB,England,x
124330710,genos_124.txt,124,124,55k,GB,England,x
124330720,genos_124.txt,124,124,55k,GB,England,x
124330740,genos_124.txt,124,124,55k,GB,England,x
124330760,genos_124.txt,124,124,55k,GB,England,x
124330770,genos_124.txt,124,124,55k,GB,England,x
124330780,genos_124.txt,124,124,55k,GB,England,x
124330790,genos_124.txt,124,124,55k,GB,England,x
124330800,genos_124.txt,124,124,55k,GB,England,x
124330810,genos_124.txt,124,124,55k,GB,England,x
124330820,genos_124.txt,124,124,55k,GB,England,x
124330830,genos_124.txt,124,124,55k,GB,England,x
124330840,genos_124.txt,124,124,55k,GB,England,x
124330850,genos_124.txt,124,124,55k,GB,England,x
124330860,genos_124.txt,124,124,55k,GB,England,x
124330870,genos_124.txt,124,124,55k,GB,England,x
124330880,genos_124.txt,124,124,55k,GB,England,x
124330890,genos_124.txt,124,124,55k,GB,England,x
124330900,genos_124.txt,124,124,55k,GB,England,x
124330940,genos_124.txt,124,124,55k,GB,England,x
124330960,genos_124.txt,124,124,55k,GB,England,x
124330980,genos_124.txt,124,124,55k,GB,England,x
124330990,genos_124.txt,124,124,55k,GB,England,x
125329010,genos_125.txt,125,125,55k,S.Eur,France,x
125329020,genos_125.txt,125,125,55k,S.Eur,France,x
125329030,genos_125.txt,125,125,55k,S.Eur,France,x
125329040,genos_125.txt,125,125,55k,S.Eur,France,x
125329050,genos_125.txt,125,125,55k,S.Eur,France,x
127328620,genos_127.txt,127,127,55k,GB,England,x
127328630,genos_127.txt,127,127,55k,GB,England,x
127328640,genos_127.txt,127,127,55k,GB,England,x
127328650,genos_127.txt,127,127,55k,GB,England,x
128321660,genos_128.txt,128,128,55k,ROMO,Colombia,x
128321670,genos_128.txt,128,128,55k,ROMO,Colombia,x
128321680,genos_128.txt,128,128,55k,ROMO,Colombia,x
128321690,genos_128.txt,128,128,55k,ROMO,Colombia,x
128321700,genos_128.txt,128,128,55k,ROMO,Colombia,x
128321710,genos_128.txt,128,128,55k,ROMO,Colombia,x
128321720,genos_128.txt,128,128,55k,ROMO,Colombia,x
128321730,genos_128.txt,128,128,55k,ROMO,Colombia,x
129334029,genos_129.txt,129,129,55k,GB,Scotland,x
129334039,genos_129.txt,129,129,55k,GB,Scotland,x
129334049,genos_129.txt,129,129,55k,GB,Scotland,x
129334059,genos_129.txt,129,129,55k,GB,Scotland,x
129334069,genos_129.txt,129,129,55k,GB,Scotland,x
129334079,genos_129.txt,129,129,55k,GB,Scotland,x
129334089,genos_129.txt,129,129,55k,GB,Scotland,x
129334099,genos_129.txt,129,129,55k,GB,Scotland,x
129334109,genos_129.txt,129,129,55k,GB,Scotland,x
129334119,genos_129.txt,129,129,55k,GB,Scotland,x
129334129,genos_129.txt,129,129,55k,GB,Scotland,x
129334139,genos_129.txt,129,129,55k,GB,Scotland,x
129334149,genos_129.txt,129,129,55k,GB,Scotland,x
129334159,genos_129.txt,129,129,55k,GB,Scotland,x
129334169,genos_129.txt,129,129,55k,GB,Scotland,x
200008890,genos_200.txt,200,200,55k,N.Eur,Netherlands,x
200008900,genos_200.txt,200,200,55k,N.Eur,Netherlands,x
200008939,genos_200.txt,200,200,55k,N.Eur,Netherlands,x
200009170,genos_200.txt,200,200,55k,N.Eur,Netherlands,x
200009280,genos_200.txt,200,200,55k,N.Eur,Netherlands,x
200009290,genos_200.txt,200,200,55k,N.Eur,Netherlands,x
200009370,genos_200.txt,200,200,55k,N.Eur,Netherlands,x
200009400,genos_200.txt,200,200,55k,N.Eur,Netherlands,x
200009600,genos_200.txt,200,200,55k,N.Eur,Netherlands,x
200009700,genos_200.txt,200,200,55k,N.Eur,Netherlands,x
200009770,genos_200.txt,200,200,55k,N.Eur,Netherlands,x
200009900,genos_200.txt,200,200,55k,N.Eur,Netherlands,x
200009940,genos_200.txt,200,200,55k,N.Eur,Netherlands,x
200009980,genos_200.txt,200,200,55k,N.Eur,Netherlands,x
200010120,genos_200.txt,200,200,55k,N.Eur,Netherlands,x
200010480,genos_200.txt,200,200,55k,N.Eur,Netherlands,x
200010490,genos_200.txt,200,200,55k,N.Eur,Netherlands,x
200010520,genos_200.txt,200,200,55k,N.Eur,Netherlands,x
200010550,genos_200.txt,200,200,55k,N.Eur,Netherlands,x
200010690,genos_200.txt,200,200,55k,N.Eur,Netherlands,x
200010850,genos_200.txt,200,200,55k,N.Eur,Netherlands,x
200010860,genos_200.txt,200,200,55k,N.Eur,Netherlands,x
200011000,genos_200.txt,200,200,55k,N.Eur,Netherlands,x
200011020,genos_200.txt,200,200,55k,N.Eur,Netherlands,x
200011140,genos_200.txt,200,200,55k,N.Eur,Netherlands,x
200011220,genos_200.txt,200,200,55k,N.Eur,Netherlands,x
200011290,genos_200.txt,200,200,55k,N.Eur,Netherlands,x
200011360,genos_200.txt,200,200,55k,N.Eur,Netherlands,x
200011420,genos_200.txt,200,200,55k,N.Eur,Netherlands,x
200011440,genos_200.txt,200,200,55k,N.Eur,Netherlands,x
200012040,genos_200.txt,200,200,55k,N.Eur,Netherlands,x
200012050,genos_200.txt,200,200,55k,N.Eur,Netherlands,x
200012060,genos_200.txt,200,200,55k,N.Eur,Netherlands,x
200012070,genos_200.txt,200,200,55k,N.Eur,Netherlands,x
200012410,genos_200.txt,200,200,55k,N.Eur,Netherlands,x
200012520,genos_200.txt,200,200,55k,N.Eur,Netherlands,x
200012540,genos_200.txt,200,200,55k,N.Eur,Netherlands,x
200012700,genos_200.txt,200,200,55k,N.Eur,Netherlands,x
200014710,genos_200.txt,200,200,55k,N.Eur,Netherlands,x
200015240,genos_200.txt,200,200,55k,N.Eur,Netherlands,x
200015580,genos_200.txt,200,200,55k,N.Eur,Netherlands,x
200015600,genos_200.txt,200,200,55k,N.Eur,Netherlands,x
200015920,genos_200.txt,200,200,55k,N.Eur,Netherlands,x
200016230,genos_200.txt,200,200,55k,N.Eur,Netherlands,x
200016290,genos_200.txt,200,200,55k,N.Eur,Netherlands,x
200016360,genos_200.txt,200,200,55k,N.Eur,Netherlands,x
200016420,genos_200.txt,200,200,55k,N.Eur,Netherlands,x
200016490,genos_200.txt,200,200,55k,N.Eur,Netherlands,x
200016580,genos_200.txt,200,200,55k,N.Eur,Netherlands,x
200016610,genos_200.txt,200,200,55k,N.Eur,Netherlands,x
200016650,genos_200.txt,200,200,55k,N.Eur,Netherlands,x
200016700,genos_200.txt,200,200,55k,N.Eur,Netherlands,x
200016730,genos_200.txt,200,200,55k,N.Eur,Netherlands,x
200016760,genos_200.txt,200,200,55k,N.Eur,Netherlands,x
200016810,genos_200.txt,200,200,55k,N.Eur,Netherlands,x
200016830,genos_200.txt,200,200,55k,N.Eur,Netherlands,x
200016860,genos_200.txt,200,200,55k,N.Eur,Netherlands,x
200020740,genos_200.txt,200,200,55k,N.Eur,Netherlands,x
200020759,genos_200.txt,200,200,55k,N.Eur,Netherlands,x
200020830,genos_200.txt,200,200,55k,N.Eur,Netherlands,x
200020879,genos_200.txt,200,200,55k,N.Eur,Netherlands,x
200020980,genos_200.txt,200,200,55k,N.Eur,Netherlands,x
200021160,genos_200.txt,200,200,55k,N.Eur,Netherlands,x
200044939,genos_200.txt,200,200,55k,N.Eur,Netherlands,x
200044940,genos_200.txt,200,200,55k,N.Eur,Netherlands,x
200044959,genos_200.txt,200,200,55k,N.Eur,Netherlands,x
200045019,genos_200.txt,200,200,55k,N.Eur,Netherlands,x
200065560,genos_200.txt,200,200,55k,N.Eur,Netherlands,x
200066820,genos_200.txt,200,200,55k,N.Eur,Netherlands,x
200066900,genos_200.txt,200,200,55k,N.Eur,Netherlands,x
200067080,genos_200.txt,200,200,55k,N.Eur,Netherlands,x
200067380,genos_200.txt,200,200,55k,N.Eur,Netherlands,x
200067610,genos_200.txt,200,200,55k,N.Eur,Netherlands,x
200067660,genos_200.txt,200,200,55k,N.Eur,Netherlands,x
200067730,genos_200.txt,200,200,55k,N.Eur,Netherlands,x
200068050,genos_200.txt,200,200,55k,N.Eur,Netherlands,x
200068160,genos_200.txt,200,200,55k,N.Eur,Netherlands,x
200068280,genos_200.txt,200,200,55k,N.Eur,Netherlands,x
200068630,genos_200.txt,200,200,55k,N.Eur,Netherlands,x
200068930,genos_200.txt,200,200,55k,N.Eur,Netherlands,x
200069170,genos_200.txt,200,200,55k,N.Eur,Netherlands,x
200069190,genos_200.txt,200,200,55k,N.Eur,Netherlands,x
200069600,genos_200.txt,200,200,55k,N.Eur,Netherlands,x
200069900,genos_200.txt,200,200,55k,N.Eur,Netherlands,x
200070510,genos_200.txt,200,200,55k,N.Eur,Netherlands,x
200070530,genos_200.txt,200,200,55k,N.Eur,Netherlands,x
200070770,genos_200.txt,200,200,55k,N.Eur,Netherlands,x
200070830,genos_200.txt,200,200,55k,N.Eur,Netherlands,x
200203340,genos_200.txt,200,200,55k,N.Eur,Netherlands,x
200242419,genos_200.txt,200,200,55k,N.Eur,Netherlands,x
200242869,genos_200.txt,200,200,55k,N.Eur,Netherlands,x
200242889,genos_200.txt,200,200,55k,N.Eur,Netherlands,x
200242909,genos_200.txt,200,200,55k,N.Eur,Netherlands,x
200244459,genos_200.txt,200,200,55k,N.Eur,Netherlands,x
200245109,genos_200.txt,200,200,55k,N.Eur,Netherlands,x
200245209,genos_200.txt,200,200,55k,N.Eur,Netherlands,x
200246909,genos_200.txt,200,200,55k,N.Eur,Netherlands,x
200247899,genos_200.txt,200,200,55k,N.Eur,Netherlands,x
200247949,genos_200.txt,200,200,55k,N.Eur,Netherlands,x
200336129,genos_200.txt,200,200,55k,N.Eur,Netherlands,x
201197170,genos_201.txt,201,201,55k,N.Eur,Finland,x
201197900,genos_201.txt,201,201,55k,N.Eur,Finland,x
201198070,genos_201.txt,201,201,55k,N.Eur,Finland,x
201198130,genos_201.txt,201,201,55k,N.Eur,Finland,x
201198960,genos_201.txt,201,201,55k,N.Eur,Finland,x
201199400,genos_201.txt,201,201,55k,N.Eur,Finland,x
201207260,genos_201.txt,201,201,55k,N.Eur,Finland,x
201207520,genos_201.txt,201,201,55k,N.Eur,Finland,x
201331570,genos_201.txt,201,201,55k,N.Eur,Finland,x
201331710,genos_201.txt,201,201,55k,N.Eur,Finland,x
202336749,genos_202.txt,202,202,55k,CI,CI,x
202336759,genos_202.txt,202,202,55k,CI,CI,x
202336779,genos_202.txt,202,202,55k,CI,CI,x
202336789,genos_202.txt,202,202,55k,CI,CI,x
202336799,genos_202.txt,202,202,55k,CI,CI,x
202336809,genos_202.txt,202,202,55k,CI,CI,x
202336849,genos_202.txt,202,202,55k,CI,CI,x
202336929,genos_202.txt,202,202,55k,CI,CI,x
202336939,genos_202.txt,202,202,55k,CI,CI,x
202336969,genos_202.txt,202,202,55k,CI,CI,x
204334769,genos_204.txt,204,204,55k,N.Eur,Switzerland,x
204334779,genos_204.txt,204,204,55k,N.Eur,Switzerland,x
204334789,genos_204.txt,204,204,55k,N.Eur,Switzerland,x
204334799,genos_204.txt,204,204,55k,N.Eur,Switzerland,x
204334829,genos_204.txt,204,204,55k,N.Eur,Switzerland,x
204334839,genos_204.txt,204,204,55k,N.Eur,Switzerland,x
204334899,genos_204.txt,204,204,55k,N.Eur,Switzerland,x
204334909,genos_204.txt,204,204,55k,N.Eur,Switzerland,x
204334929,genos_204.txt,204,204,55k,N.Eur,Switzerland,x
204334949,genos_204.txt,204,204,55k,N.Eur,Switzerland,x
205335589,genos_205.txt,205,205,55k,CI,CI,x
205335599,genos_205.txt,205,205,55k,CI,CI,x
205335609,genos_205.txt,205,205,55k,CI,CI,x
205335619,genos_205.txt,205,205,55k,CI,CI,x
205335629,genos_205.txt,205,205,55k,CI,CI,x
205335639,genos_205.txt,205,205,55k,CI,CI,x
205335659,genos_205.txt,205,205,55k,CI,CI,x
205335669,genos_205.txt,205,205,55k,CI,CI,x
205335689,genos_205.txt,205,205,55k,CI,CI,x
205335709,genos_205.txt,205,205,55k,CI,CI,x
210328440,genos_210.txt,210,210,55k,GB,England,x
210328450,genos_210.txt,210,210,55k,GB,England,x
210328460,genos_210.txt,210,210,55k,GB,England,x
210328470,genos_210.txt,210,210,55k,GB,England,x
211328600,genos_211.txt,211,211,55k,GB,Wales,x
211328610,genos_211.txt,211,211,55k,GB,Wales,x
212328480,genos_212.txt,212,212,55k,GB,England,x
212328490,genos_212.txt,212,212,55k,GB,England,x
212328500,genos_212.txt,212,212,55k,GB,England,x
212328510,genos_212.txt,212,212,55k,GB,England,x
213328210,genos_213.txt,213,213,55k,GB,England,x
213328220,genos_213.txt,213,213,55k,GB,England,x
213328230,genos_213.txt,213,213,55k,GB,England,x
213328240,genos_213.txt,213,213,55k,GB,England,x
214328410,genos_214.txt,214,214,55k,GB,Ireland,x
214328420,genos_214.txt,214,214,55k,GB,Ireland,x
214328430,genos_214.txt,214,214,55k,GB,Ireland,x
215328560,genos_215.txt,215,215,55k,GB,England,x
215328570,genos_215.txt,215,215,55k,GB,England,x
215328580,genos_215.txt,215,215,55k,GB,England,x
215328590,genos_215.txt,215,215,55k,GB,England,x
216328330,genos_216.txt,216,216,55k,GB,Scotland,x
216328340,genos_216.txt,216,216,55k,GB,Scotland,x
216328350,genos_216.txt,216,216,55k,GB,Scotland,x
216328360,genos_216.txt,216,216,55k,GB,Scotland,x
217328290,genos_217.txt,217,217,55k,GB,Ireland,x
217328300,genos_217.txt,217,217,55k,GB,Ireland,x
217328310,genos_217.txt,217,217,55k,GB,Ireland,x
217328320,genos_217.txt,217,217,55k,GB,Ireland,x
218328250,genos_218.txt,218,218,55k,GB,England,x
218328260,genos_218.txt,218,218,55k,GB,England,x
218328270,genos_218.txt,218,218,55k,GB,England,x
218328280,genos_218.txt,218,218,55k,GB,England,x
219328710,genos_219.txt,219,219,55k,Africa,Uganda,x
219328720,genos_219.txt,219,219,55k,Africa,Uganda,x
219328730,genos_219.txt,219,219,55k,Africa,Uganda,x
219328740,genos_219.txt,219,219,55k,Africa,Uganda,x
219328750,genos_219.txt,219,219,55k,Africa,Uganda,x
220328760,genos_220.txt,220,220,55k,S.Eur,Italy,x
220328770,genos_220.txt,220,220,55k,S.Eur,Italy,x
220328780,genos_220.txt,220,220,55k,S.Eur,Italy,x
220328790,genos_220.txt,220,220,55k,S.Eur,Italy,x
220328800,genos_220.txt,220,220,55k,S.Eur,Italy,x
221328810,genos_221.txt,221,221,55k,S.Eur,France,x
221328820,genos_221.txt,221,221,55k,S.Eur,France,x
221328830,genos_221.txt,221,221,55k,S.Eur,France,x
221328840,genos_221.txt,221,221,55k,S.Eur,France,x
221328850,genos_221.txt,221,221,55k,S.Eur,France,x
222329060,genos_222.txt,222,222,55k,Africa,Zimbabwe,x
222329070,genos_222.txt,222,222,55k,Africa,Zimbabwe,x
222329080,genos_222.txt,222,222,55k,Africa,Zimbabwe,x
222329090,genos_222.txt,222,222,55k,Africa,Zimbabwe,x
222329100,genos_222.txt,222,222,55k,Africa,Zimbabwe,x
223337969,genos_223.txt,223,223,55k,N.Eur,Norway,x
223337979,genos_223.txt,223,223,55k,N.Eur,Norway,x
223337989,genos_223.txt,223,223,55k,N.Eur,Norway,x
223337999,genos_223.txt,223,223,55k,N.Eur,Norway,x
223338009,genos_223.txt,223,223,55k,N.Eur,Norway,x
223338019,genos_223.txt,223,223,55k,N.Eur,Norway,x
223338029,genos_223.txt,223,223,55k,N.Eur,Norway,x
223338039,genos_223.txt,223,223,55k,N.Eur,Norway,x
223338049,genos_223.txt,223,223,55k,N.Eur,Norway,x
223338059,genos_223.txt,223,223,55k,N.Eur,Norway,x
223338069,genos_223.txt,223,223,55k,N.Eur,Norway,x
223338079,genos_223.txt,223,223,55k,N.Eur,Norway,x
223338089,genos_223.txt,223,223,55k,N.Eur,Norway,x
223338099,genos_223.txt,223,223,55k,N.Eur,Norway,x
223338109,genos_223.txt,223,223,55k,N.Eur,Norway,x
223338119,genos_223.txt,223,223,55k,N.Eur,Norway,x
223338129,genos_223.txt,223,223,55k,N.Eur,Norway,x
223338139,genos_223.txt,223,223,55k,N.Eur,Norway,x
223338149,genos_223.txt,223,223,55k,N.Eur,Norway,x
223338159,genos_223.txt,223,223,55k,N.Eur,Norway,x
223338169,genos_223.txt,223,223,55k,N.Eur,Norway,x
500080160,genos_500.txt,500,500,55k,Africa,Guinea,x
500080170,genos_500.txt,500,500,55k,Africa,Guinea,x
500080180,genos_500.txt,500,500,55k,Africa,Guinea,x
500080190,genos_500.txt,500,500,55k,Africa,Guinea,x
500080200,genos_500.txt,500,500,55k,Africa,Guinea,x
500080210,genos_500.txt,500,500,55k,Africa,Guinea,x
500080220,genos_500.txt,500,500,55k,Africa,Guinea,x
500080230,genos_500.txt,500,500,55k,Africa,Guinea,x
500080240,genos_500.txt,500,500,55k,Africa,Guinea,x
500080250,genos_500.txt,500,500,55k,Africa,Guinea,x
500080260,genos_500.txt,500,500,55k,Africa,Guinea,x
500080270,genos_500.txt,500,500,55k,Africa,Guinea,x
500080280,genos_500.txt,500,500,55k,Africa,Guinea,x
500080290,genos_500.txt,500,500,55k,Africa,Guinea,x
500080300,genos_500.txt,500,500,55k,Africa,Guinea,x
500080310,genos_500.txt,500,500,55k,Africa,Guinea,x
500080320,genos_500.txt,500,500,55k,Africa,Guinea,x
500080330,genos_500.txt,500,500,55k,Africa,Guinea,x
500080340,genos_500.txt,500,500,55k,Africa,Guinea,x
500080350,genos_500.txt,500,500,55k,Africa,Guinea,x
500080360,genos_500.txt,500,500,55k,Africa,Guinea,x
500080370,genos_500.txt,500,500,55k,Africa,Guinea,x
500080380,genos_500.txt,500,500,55k,Africa,Guinea,x
500080390,genos_500.txt,500,500,55k,Africa,Guinea,x
500080400,genos_500.txt,500,500,55k,Africa,Guinea,x
500080410,genos_500.txt,500,500,55k,Africa,Guinea,x
500080420,genos_500.txt,500,500,55k,Africa,Guinea,x
500080430,genos_500.txt,500,500,55k,Africa,Guinea,x
500080440,genos_500.txt,500,500,55k,Africa,Guinea,x
500080450,genos_500.txt,500,500,55k,Africa,Guinea,x
500080860,genos_500.txt,500,500,55k,Africa,Guinea,x
500080880,genos_500.txt,500,500,55k,Africa,Guinea,x
500080900,genos_500.txt,500,500,55k,Africa,Guinea,x
500080920,genos_500.txt,500,500,55k,Africa,Guinea,x
500337479,genos_500.txt,500,500,55k,Africa,Guinea,x
500337489,genos_500.txt,500,500,55k,Africa,Guinea,x
500337499,genos_500.txt,500,500,55k,Africa,Guinea,x
500337509,genos_500.txt,500,500,55k,Africa,Guinea,x
500337519,genos_500.txt,500,500,55k,Africa,Guinea,x
500337529,genos_500.txt,500,500,55k,Africa,Guinea,x
500337539,genos_500.txt,500,500,55k,Africa,Guinea,x
500337549,genos_500.txt,500,500,55k,Africa,Guinea,x
500337559,genos_500.txt,500,500,55k,Africa,Guinea,x
500337569,genos_500.txt,500,500,55k,Africa,Guinea,x
500337579,genos_500.txt,500,500,55k,Africa,Guinea,x
500337589,genos_500.txt,500,500,55k,Africa,Guinea,x
500337599,genos_500.txt,500,500,55k,Africa,Guinea,x
500337609,genos_500.txt,500,500,55k,Africa,Guinea,x
500337619,genos_500.txt,500,500,55k,Africa,Guinea,x
500337629,genos_500.txt,500,500,55k,Africa,Guinea,x
500337639,genos_500.txt,500,500,55k,Africa,Guinea,x
500337649,genos_500.txt,500,500,55k,Africa,Guinea,x
500337659,genos_500.txt,500,500,55k,Africa,Guinea,x
500337669,genos_500.txt,500,500,55k,Africa,Guinea,x
500337679,genos_500.txt,500,500,55k,Africa,Guinea,x
500337689,genos_500.txt,500,500,55k,Africa,Guinea,x
500337699,genos_500.txt,500,500,55k,Africa,Guinea,x
500337709,genos_500.txt,500,500,55k,Africa,Guinea,x
500337719,genos_500.txt,500,500,55k,Africa,Guinea,x
501080460,genos_501.txt,501,501,55k,Africa,Kenya,x
501080470,genos_501.txt,501,501,55k,Africa,Kenya,x
501080480,genos_501.txt,501,501,55k,Africa,Kenya,x
501080490,genos_501.txt,501,501,55k,Africa,Kenya,x
501080500,genos_501.txt,501,501,55k,Africa,Kenya,x
501080510,genos_501.txt,501,501,55k,Africa,Kenya,x
501080520,genos_501.txt,501,501,55k,Africa,Kenya,x
501080530,genos_501.txt,501,501,55k,Africa,Kenya,x
501080540,genos_501.txt,501,501,55k,Africa,Kenya,x
501080550,genos_501.txt,501,501,55k,Africa,Kenya,x
501080560,genos_501.txt,501,501,55k,Africa,Kenya,x
501080570,genos_501.txt,501,501,55k,Africa,Kenya,x
501080580,genos_501.txt,501,501,55k,Africa,Kenya,x
501080590,genos_501.txt,501,501,55k,Africa,Kenya,x
501080600,genos_501.txt,501,501,55k,Africa,Kenya,x
501080610,genos_501.txt,501,501,55k,Africa,Kenya,x
501080620,genos_501.txt,501,501,55k,Africa,Kenya,x
501080630,genos_501.txt,501,501,55k,Africa,Kenya,x
501080640,genos_501.txt,501,501,55k,Africa,Kenya,x
501080650,genos_501.txt,501,501,55k,Africa,Kenya,x
501080660,genos_501.txt,501,501,55k,Africa,Kenya,x
501080670,genos_501.txt,501,501,55k,Africa,Kenya,x
501080680,genos_501.txt,501,501,55k,Africa,Kenya,x
501080690,genos_501.txt,501,501,55k,Africa,Kenya,x
501080700,genos_501.txt,501,501,55k,Africa,Kenya,x
501080710,genos_501.txt,501,501,55k,Africa,Kenya,x
501080720,genos_501.txt,501,501,55k,Africa,Kenya,x
501080730,genos_501.txt,501,501,55k,Africa,Kenya,x
501080740,genos_501.txt,501,501,55k,Africa,Kenya,x
501080750,genos_501.txt,501,501,55k,Africa,Kenya,x
501080760,genos_501.txt,501,501,55k,Africa,Kenya,x
501080770,genos_501.txt,501,501,55k,Africa,Kenya,x
501080780,genos_501.txt,501,501,55k,Africa,Kenya,x
501080790,genos_501.txt,501,501,55k,Africa,Kenya,x
501080800,genos_501.txt,501,501,55k,Africa,Kenya,x
501080810,genos_501.txt,501,501,55k,Africa,Kenya,x
501080820,genos_501.txt,501,501,55k,Africa,Kenya,x
501080830,genos_501.txt,501,501,55k,Africa,Kenya,x
501080840,genos_501.txt,501,501,55k,Africa,Kenya,x
501080850,genos_501.txt,501,501,55k,Africa,Kenya,x
501080870,genos_501.txt,501,501,55k,Africa,Kenya,x
501080890,genos_501.txt,501,501,55k,Africa,Kenya,x
501080910,genos_501.txt,501,501,55k,Africa,Kenya,x
501080930,genos_501.txt,501,501,55k,Africa,Kenya,x
502080940,genos_502.txt,502,502,55k,Africa,Kenya,x
502080950,genos_502.txt,502,502,55k,Africa,Kenya,x
502080960,genos_502.txt,502,502,55k,Africa,Kenya,x
502080970,genos_502.txt,502,502,55k,Africa,Kenya,x
502080980,genos_502.txt,502,502,55k,Africa,Kenya,x
502080990,genos_502.txt,502,502,55k,Africa,Kenya,x
502081000,genos_502.txt,502,502,55k,Africa,Kenya,x
502081010,genos_502.txt,502,502,55k,Africa,Kenya,x
502081020,genos_502.txt,502,502,55k,Africa,Kenya,x
502081030,genos_502.txt,502,502,55k,Africa,Kenya,x
502081040,genos_502.txt,502,502,55k,Africa,Kenya,x
502081050,genos_502.txt,502,502,55k,Africa,Kenya,x
502081060,genos_502.txt,502,502,55k,Africa,Kenya,x
502081070,genos_502.txt,502,502,55k,Africa,Kenya,x
502081080,genos_502.txt,502,502,55k,Africa,Kenya,x
502081090,genos_502.txt,502,502,55k,Africa,Kenya,x
502081100,genos_502.txt,502,502,55k,Africa,Kenya,x
502081110,genos_502.txt,502,502,55k,Africa,Kenya,x
502081120,genos_502.txt,502,502,55k,Africa,Kenya,x
502081130,genos_502.txt,502,502,55k,Africa,Kenya,x
502081140,genos_502.txt,502,502,55k,Africa,Kenya,x
502081150,genos_502.txt,502,502,55k,Africa,Kenya,x
502081160,genos_502.txt,502,502,55k,Africa,Kenya,x
502081170,genos_502.txt,502,502,55k,Africa,Kenya,x
502081180,genos_502.txt,502,502,55k,Africa,Kenya,x
502081190,genos_502.txt,502,502,55k,Africa,Kenya,x
502081200,genos_502.txt,502,502,55k,Africa,Kenya,x
502081210,genos_502.txt,502,502,55k,Africa,Kenya,x
502081220,genos_502.txt,502,502,55k,Africa,Kenya,x
502081230,genos_502.txt,502,502,55k,Africa,Kenya,x
502081240,genos_502.txt,502,502,55k,Africa,Kenya,x
502081250,genos_502.txt,502,502,55k,Africa,Kenya,x
502081260,genos_502.txt,502,502,55k,Africa,Kenya,x
502081270,genos_502.txt,502,502,55k,Africa,Kenya,x
502081280,genos_502.txt,502,502,55k,Africa,Kenya,x
502081290,genos_502.txt,502,502,55k,Africa,Kenya,x
502081300,genos_502.txt,502,502,55k,Africa,Kenya,x
502081310,genos_502.txt,502,502,55k,Africa,Kenya,x
502081320,genos_502.txt,502,502,55k,Africa,Kenya,x
502081330,genos_502.txt,502,502,55k,Africa,Kenya,x
502081340,genos_502.txt,502,502,55k,Africa,Kenya,x
502081350,genos_502.txt,502,502,55k,Africa,Kenya,x
503019140,genos_503.txt,503,503,55k,India,India,x
503019160,genos_503.txt,503,503,55k,India,India,x
503019180,genos_503.txt,503,503,55k,India,India,x
503019190,genos_503.txt,503,503,55k,India,India,x
503019200,genos_503.txt,503,503,55k,India,India,x
503019210,genos_503.txt,503,503,55k,India,India,x
503019220,genos_503.txt,503,503,55k,India,India,x
503019230,genos_503.txt,503,503,55k,India,India,x
503019250,genos_503.txt,503,503,55k,India,India,x
503019260,genos_503.txt,503,503,55k,India,India,x
503029720,genos_503.txt,503,503,55k,India,India,x
503029730,genos_503.txt,503,503,55k,India,India,x
503029740,genos_503.txt,503,503,55k,India,India,x
503029750,genos_503.txt,503,503,55k,India,India,x
503029760,genos_503.txt,503,503,55k,India,India,x
503029770,genos_503.txt,503,503,55k,India,India,x
503029780,genos_503.txt,503,503,55k,India,India,x
503029790,genos_503.txt,503,503,55k,India,India,x
503029800,genos_503.txt,503,503,55k,India,India,x
503029810,genos_503.txt,503,503,55k,India,India,x
503029820,genos_503.txt,503,503,55k,India,India,x
503029840,genos_503.txt,503,503,55k,India,India,x
503029850,genos_503.txt,503,503,55k,India,India,x
503029860,genos_503.txt,503,503,55k,India,India,x
503029870,genos_503.txt,503,503,55k,India,India,x
503029880,genos_503.txt,503,503,55k,India,India,x
503029890,genos_503.txt,503,503,55k,India,India,x
503029900,genos_503.txt,503,503,55k,India,India,x
503029910,genos_503.txt,503,503,55k,India,India,x
503029920,genos_503.txt,503,503,55k,India,India,x
503029930,genos_503.txt,503,503,55k,India,India,x
503029940,genos_503.txt,503,503,55k,India,India,x
503029950,genos_503.txt,503,503,55k,India,India,x
503029960,genos_503.txt,503,503,55k,India,India,x
503029970,genos_503.txt,503,503,55k,India,India,x
503029980,genos_503.txt,503,503,55k,India,India,x
503029990,genos_503.txt,503,503,55k,India,India,x
503030010,genos_503.txt,503,503,55k,India,India,x
503030020,genos_503.txt,503,503,55k,India,India,x
503030030,genos_503.txt,503,503,55k,India,India,x
503030040,genos_503.txt,503,503,55k,India,India,x
503030050,genos_503.txt,503,503,55k,India,India,x
503030060,genos_503.txt,503,503,55k,India,India,x
503030070,genos_503.txt,503,503,55k,India,India,x
503030080,genos_503.txt,503,503,55k,India,India,x
503030090,genos_503.txt,503,503,55k,India,India,x
503030100,genos_503.txt,503,503,55k,India,India,x
503030110,genos_503.txt,503,503,55k,India,India,x
503030130,genos_503.txt,503,503,55k,India,India,x
503030140,genos_503.txt,503,503,55k,India,India,x
503030150,genos_503.txt,503,503,55k,India,India,x
503030160,genos_503.txt,503,503,55k,India,India,x
503030170,genos_503.txt,503,503,55k,India,India,x
503030180,genos_503.txt,503,503,55k,India,India,x
503030190,genos_503.txt,503,503,55k,India,India,x
503030200,genos_503.txt,503,503,55k,India,India,x
503030210,genos_503.txt,503,503,55k,India,India,x
503030220,genos_503.txt,503,503,55k,India,India,x
503030230,genos_503.txt,503,503,55k,India,India,x
503030240,genos_503.txt,503,503,55k,India,India,x
503030250,genos_503.txt,503,503,55k,India,India,x
503030270,genos_503.txt,503,503,55k,India,India,x
503030280,genos_503.txt,503,503,55k,India,India,x
503030290,genos_503.txt,503,503,55k,India,India,x
503030300,genos_503.txt,503,503,55k,India,India,x
503030310,genos_503.txt,503,503,55k,India,India,x
503030320,genos_503.txt,503,503,55k,India,India,x
503030330,genos_503.txt,503,503,55k,India,India,x
503030340,genos_503.txt,503,503,55k,India,India,x
503030350,genos_503.txt,503,503,55k,India,India,x
503030360,genos_503.txt,503,503,55k,India,India,x
503030370,genos_503.txt,503,503,55k,India,India,x
503030380,genos_503.txt,503,503,55k,India,India,x
503030390,genos_503.txt,503,503,55k,India,India,x
503334519,genos_503.txt,503,503,55k,India,India,x
503334529,genos_503.txt,503,503,55k,India,India,x
503334539,genos_503.txt,503,503,55k,India,India,x
503334549,genos_503.txt,503,503,55k,India,India,x
503334559,genos_503.txt,503,503,55k,India,India,x
503334569,genos_503.txt,503,503,55k,India,India,x
503334579,genos_503.txt,503,503,55k,India,India,x
503334589,genos_503.txt,503,503,55k,India,India,x
503334599,genos_503.txt,503,503,55k,India,India,x
503334609,genos_503.txt,503,503,55k,India,India,x
503334619,genos_503.txt,503,503,55k,India,India,x
503334629,genos_503.txt,503,503,55k,India,India,x
503334639,genos_503.txt,503,503,55k,India,India,x
503334649,genos_503.txt,503,503,55k,India,India,x
503334659,genos_503.txt,503,503,55k,India,India,x
503334669,genos_503.txt,503,503,55k,India,India,x
503334679,genos_503.txt,503,503,55k,India,India,x
503334689,genos_503.txt,503,503,55k,India,India,x
503334699,genos_503.txt,503,503,55k,India,India,x
503334709,genos_503.txt,503,503,55k,India,India,x
503334719,genos_503.txt,503,503,55k,India,India,x
503334729,genos_503.txt,503,503,55k,India,India,x
503334739,genos_503.txt,503,503,55k,India,India,x
503334749,genos_503.txt,503,503,55k,India,India,x
503334759,genos_503.txt,503,503,55k,India,India,x
504202850,genos_504.txt,504,504,55k,India,Brazil,x
504202860,genos_504.txt,504,504,55k,India,Brazil,x
504202870,genos_504.txt,504,504,55k,India,Brazil,x
504202880,genos_504.txt,504,504,55k,India,Brazil,x
504202890,genos_504.txt,504,504,55k,India,Brazil,x
504202900,genos_504.txt,504,504,55k,India,Brazil,x
504202910,genos_504.txt,504,504,55k,India,Brazil,x
504202920,genos_504.txt,504,504,55k,India,Brazil,x
504202930,genos_504.txt,504,504,55k,India,Brazil,x
504202940,genos_504.txt,504,504,55k,India,Brazil,x
504202950,genos_504.txt,504,504,55k,India,Brazil,x
504202960,genos_504.txt,504,504,55k,India,Brazil,x
504202970,genos_504.txt,504,504,55k,India,Brazil,x
504202980,genos_504.txt,504,504,55k,India,Brazil,x
504202990,genos_504.txt,504,504,55k,India,Brazil,x
504203000,genos_504.txt,504,504,55k,India,Brazil,x
504203010,genos_504.txt,504,504,55k,India,Brazil,x
504203020,genos_504.txt,504,504,55k,India,Brazil,x
504203030,genos_504.txt,504,504,55k,India,Brazil,x
504203040,genos_504.txt,504,504,55k,India,Brazil,x
504203050,genos_504.txt,504,504,55k,India,Brazil,x
504203060,genos_504.txt,504,504,55k,India,Brazil,x
504203070,genos_504.txt,504,504,55k,India,Brazil,x
504203080,genos_504.txt,504,504,55k,India,Brazil,x
504203090,genos_504.txt,504,504,55k,India,Brazil,x
504203100,genos_504.txt,504,504,55k,India,Brazil,x
504203110,genos_504.txt,504,504,55k,India,Brazil,x
504203120,genos_504.txt,504,504,55k,India,Brazil,x
504203130,genos_504.txt,504,504,55k,India,Brazil,x
504203140,genos_504.txt,504,504,55k,India,Brazil,x
504203150,genos_504.txt,504,504,55k,India,Brazil,x
504203160,genos_504.txt,504,504,55k,India,Brazil,x
504203170,genos_504.txt,504,504,55k,India,Brazil,x
504203180,genos_504.txt,504,504,55k,India,Brazil,x
504203190,genos_504.txt,504,504,55k,India,Brazil,x
504203200,genos_504.txt,504,504,55k,India,Brazil,x
504203210,genos_504.txt,504,504,55k,India,Brazil,x
504203220,genos_504.txt,504,504,55k,India,Brazil,x
504203230,genos_504.txt,504,504,55k,India,Brazil,x
504203240,genos_504.txt,504,504,55k,India,Brazil,x
504203250,genos_504.txt,504,504,55k,India,Brazil,x
504203260,genos_504.txt,504,504,55k,India,Brazil,x
504203270,genos_504.txt,504,504,55k,India,Brazil,x
504203280,genos_504.txt,504,504,55k,India,Brazil,x
504203290,genos_504.txt,504,504,55k,India,Brazil,x
504203300,genos_504.txt,504,504,55k,India,Brazil,x
504203310,genos_504.txt,504,504,55k,India,Brazil,x
504203320,genos_504.txt,504,504,55k,India,Brazil,x
504337729,genos_504.txt,504,504,55k,India,Brazil,x
504337739,genos_504.txt,504,504,55k,India,Brazil,x
504337749,genos_504.txt,504,504,55k,India,Brazil,x
504337759,genos_504.txt,504,504,55k,India,Brazil,x
504337769,genos_504.txt,504,504,55k,India,Brazil,x
504337779,genos_504.txt,504,504,55k,India,Brazil,x
504337789,genos_504.txt,504,504,55k,India,Brazil,x
504337799,genos_504.txt,504,504,55k,India,Brazil,x
504337809,genos_504.txt,504,504,55k,India,Brazil,x
504337819,genos_504.txt,504,504,55k,India,Brazil,x
504337829,genos_504.txt,504,504,55k,India,Brazil,x
504337839,genos_504.txt,504,504,55k,India,Brazil,x
504337849,genos_504.txt,504,504,55k,India,Brazil,x
504337859,genos_504.txt,504,504,55k,India,Brazil,x
504337869,genos_504.txt,504,504,55k,India,Brazil,x
504337879,genos_504.txt,504,504,55k,India,Brazil,x
504337889,genos_504.txt,504,504,55k,India,Brazil,x
504337899,genos_504.txt,504,504,55k,India,Brazil,x
504337909,genos_504.txt,504,504,55k,India,Brazil,x
504337919,genos_504.txt,504,504,55k,India,Brazil,x
504337929,genos_504.txt,504,504,55k,India,Brazil,x
504337939,genos_504.txt,504,504,55k,India,Brazil,x
504337949,genos_504.txt,504,504,55k,India,Brazil,x
504337959,genos_504.txt,504,504,55k,India,Brazil,x
505333199,genos_505.txt,505,505,55k,India,Brazil,x
505333209,genos_505.txt,505,505,55k,India,Brazil,x
505333219,genos_505.txt,505,505,55k,India,Brazil,x
506333289,genos_506.txt,506,506,55k,India,Pakistan,x
506333299,genos_506.txt,506,506,55k,India,Pakistan,x
506333309,genos_506.txt,506,506,55k,India,Pakistan,x
506333319,genos_506.txt,506,506,55k,India,Pakistan,x
506333329,genos_506.txt,506,506,55k,India,Pakistan,x
506333349,genos_506.txt,506,506,55k,India,Pakistan,x
506333359,genos_506.txt,506,506,55k,India,Pakistan,x
506333369,genos_506.txt,506,506,55k,India,Pakistan,x
506333379,genos_506.txt,506,506,55k,India,Pakistan,x
506333399,genos_506.txt,506,506,55k,India,Pakistan,x
507333119,genos_507.txt,507,507,55k,India,India,x
507335339,genos_507.txt,507,507,55k,India,India,x
507335349,genos_507.txt,507,507,55k,India,India,x
507335359,genos_507.txt,507,507,55k,India,India,x
507335369,genos_507.txt,507,507,55k,India,India,x
507335379,genos_507.txt,507,507,55k,India,India,x
507335389,genos_507.txt,507,507,55k,India,India,x
507335399,genos_507.txt,507,507,55k,India,India,x
507335409,genos_507.txt,507,507,55k,India,India,x
507335419,genos_507.txt,507,507,55k,India,India,x
507335429,genos_507.txt,507,507,55k,India,India,x
507335439,genos_507.txt,507,507,55k,India,India,x
507335449,genos_507.txt,507,507,55k,India,India,x
507335459,genos_507.txt,507,507,55k,India,India,x
507335469,genos_507.txt,507,507,55k,India,India,x
507335479,genos_507.txt,507,507,55k,India,India,x
507335489,genos_507.txt,507,507,55k,India,India,x
507335499,genos_507.txt,507,507,55k,India,India,x
507335509,genos_507.txt,507,507,55k,India,India,x
507335519,genos_507.txt,507,507,55k,India,India,x
507335529,genos_507.txt,507,507,55k,India,India,x
507335539,genos_507.txt,507,507,55k,India,India,x
507335549,genos_507.txt,507,507,55k,India,India,x
507335559,genos_507.txt,507,507,55k,India,India,x
507335569,genos_507.txt,507,507,55k,India,India,x
552334259,genos_552.txt,552,552,55k,Hyb,Hyb,x
552334269,genos_552.txt,552,552,55k,Hyb,Hyb,x
552334279,genos_552.txt,552,552,55k,Hyb,Hyb,x
552334289,genos_552.txt,552,552,55k,Hyb,Hyb,x
552334299,genos_552.txt,552,552,55k,Hyb,Hyb,x
552334309,genos_552.txt,552,552,55k,Hyb,Hyb,x
552334319,genos_552.txt,552,552,55k,Hyb,Hyb,x
552334329,genos_552.txt,552,552,55k,Hyb,Hyb,x
552334339,genos_552.txt,552,552,55k,Hyb,Hyb,x
552334349,genos_552.txt,552,552,55k,Hyb,Hyb,x
552334359,genos_552.txt,552,552,55k,Hyb,Hyb,x
552334369,genos_552.txt,552,552,55k,Hyb,Hyb,x
552334379,genos_552.txt,552,552,55k,Hyb,Hyb,x
552334389,genos_552.txt,552,552,55k,Hyb,Hyb,x
552334399,genos_552.txt,552,552,55k,Hyb,Hyb,x
552334409,genos_552.txt,552,552,55k,Hyb,Hyb,x
552334419,genos_552.txt,552,552,55k,Hyb,Hyb,x
552334429,genos_552.txt,552,552,55k,Hyb,Hyb,x
552334439,genos_552.txt,552,552,55k,Hyb,Hyb,x
552334449,genos_552.txt,552,552,55k,Hyb,Hyb,x
552334459,genos_552.txt,552,552,55k,Hyb,Hyb,x
552334469,genos_552.txt,552,552,55k,Hyb,Hyb,x
552334479,genos_552.txt,552,552,55k,Hyb,Hyb,x
552334489,genos_552.txt,552,552,55k,Hyb,Hyb,x
555338679,genos_555.txt,555,555,55k,Hyb,Hyb,x
555338689,genos_555.txt,555,555,55k,Hyb,Hyb,x
555338699,genos_555.txt,555,555,55k,Hyb,Hyb,x
555338709,genos_555.txt,555,555,55k,Hyb,Hyb,x
555338719,genos_555.txt,555,555,55k,Hyb,Hyb,x
555338729,genos_555.txt,555,555,55k,Hyb,Hyb,x
555338739,genos_555.txt,555,555,55k,Hyb,Hyb,x
555338749,genos_555.txt,555,555,55k,Hyb,Hyb,x
555338759,genos_555.txt,555,555,55k,Hyb,Hyb,x
555338769,genos_555.txt,555,555,55k,Hyb,Hyb,x
555338779,genos_555.txt,555,555,55k,Hyb,Hyb,x
555338789,genos_555.txt,555,555,55k,Hyb,Hyb,x
555338799,genos_555.txt,555,555,55k,Hyb,Hyb,x
555338809,genos_555.txt,555,555,55k,Hyb,Hyb,x
555338819,genos_555.txt,555,555,55k,Hyb,Hyb,x
555338829,genos_555.txt,555,555,55k,Hyb,Hyb,x
555338839,genos_555.txt,555,555,55k,Hyb,Hyb,x
555338849,genos_555.txt,555,555,55k,Hyb,Hyb,x
555338859,genos_555.txt,555,555,55k,Hyb,Hyb,x
555338869,genos_555.txt,555,555,55k,Hyb,Hyb,x
555338879,genos_555.txt,555,555,55k,Hyb,Hyb,x
555338889,genos_555.txt,555,555,55k,Hyb,Hyb,x
555338899,genos_555.txt,555,555,55k,Hyb,Hyb,x
555338909,genos_555.txt,555,555,55k,Hyb,Hyb,x
558338919,genos_558.txt,558,558,55k,Africa,Ethiopia,x
558338929,genos_558.txt,558,558,55k,Africa,Ethiopia,x
558338939,genos_558.txt,558,558,55k,Africa,Ethiopia,x
558338949,genos_558.txt,558,558,55k,Africa,Ethiopia,x
558338959,genos_558.txt,558,558,55k,Africa,Ethiopia,x
558338969,genos_558.txt,558,558,55k,Africa,Ethiopia,x
558338979,genos_558.txt,558,558,55k,Africa,Ethiopia,x
558338989,genos_558.txt,558,558,55k,Africa,Ethiopia,x
558338999,genos_558.txt,558,558,55k,Africa,Ethiopia,x
558339009,genos_558.txt,558,558,55k,Africa,Ethiopia,x
558339019,genos_558.txt,558,558,55k,Africa,Ethiopia,x
558339029,genos_558.txt,558,558,55k,Africa,Ethiopia,x
558339039,genos_558.txt,558,558,55k,Africa,Ethiopia,x
558339049,genos_558.txt,558,558,55k,Africa,Ethiopia,x
558339059,genos_558.txt,558,558,55k,Africa,Ethiopia,x
558339069,genos_558.txt,558,558,55k,Africa,Ethiopia,x
558339079,genos_558.txt,558,558,55k,Africa,Ethiopia,x
558339089,genos_558.txt,558,558,55k,Africa,Ethiopia,x
558339099,genos_558.txt,558,558,55k,Africa,Ethiopia,x
558339109,genos_558.txt,558,558,55k,Africa,Ethiopia,x
999111000,final_report,121,900,X,NWD,Texas,3-T Woody GW
999111001,final_report,121,900,X,NWD,Texas,Flower
999111002,final_report,121,900,X,NWD,Texas,3-T Java Girl GW
999111003,final_report,121,900,X,NWD,Texas,Willie Nelson-GMSR1
999111004,final_report,121,900,X,NWD,Texas,282 / 6
999111005,final_report,121,900,X,NWD,Texas,Rose
999111006,final_report,121,900,X,NWD,Texas,DK 64
999111007,final_report,121,900,X,NWD,Texas,Pancho Yates
999111008,final_report,121,900,X,NWD,Texas,Ms America 0/39
999111009,final_report,121,900,X,NWD,Texas,N9015
999111010,final_report,121,900,X,NWD,Texas,407/10
999111011,final_report,121,900,X,NWD,Texas,N9080
999111012,final_report,999,901,X,NWD_hyb,NWD_hyb,1/8 JERSEY 7/8 LONGHORN
999111013,final_report,121,900,X,NWD,Texas,N8026
999111014,final_report,121,900,X,NWD,Texas,Twisty Paint Yates 82/5
999111015,final_report,121,900,X,NWD,Texas,Miss BBR 29/0
999111016,final_report,121,900,X,NWD,Texas,N0068
999111017,final_report,121,900,X,NWD,Texas,3-T Lukes Chief
999111018,final_report,121,900,X,NWD,Texas,TEXAS
999111019,final_report,121,900,X,NWD,Texas,Chico Starr
999111020,final_report,121,900,X,NWD,Texas,Mimosa/Posie
999111021,final_report,121,900,X,NWD,Texas,Betty
999111022,final_report,121,900,X,NWD,Texas,WR2305
999111023,final_report,121,900,X,NWD,Texas,TOREO
999111024,final_report,121,900,X,NWD,Texas,ROY
999111025,final_report,121,900,X,NWD,Texas,Mora Mexicanna
999111026,final_report,121,900,X,NWD,Texas,Ruano/Shakespeare
999111027,final_report,121,900,X,NWD,Texas,N0020
999111028,final_report,121,900,X,NWD,Texas,Rain
999111029,final_report,121,900,X,NWD,Texas,3-T Sandy GW
999111030,final_report,121,900,X,NWD,Texas,Yellowbull
999111031,final_report,121,900,X,NWD,Texas,N3042
999111032,final_report,121,900,X,NWD,Texas,HECK
999111033,final_report,121,900,X,NWD,Texas,3-T Sugar Baby
999111034,final_report,121,900,X,NWD,Texas,3-T Patches GW
999111035,final_report,121,900,X,NWD,Texas,Dublin Dun
999111036,final_report,121,900,X,NWD,Texas,Vaca Rojo
999111037,final_report,121,900,X,NWD,Texas,"Mr T ""Trevor"""
999111038,final_report,121,900,X,NWD,Texas,LW Edna 80
999111039,final_report,999,901,55k,NWD_hyb,NWD_hyb,A05 Hereford Marker
999111040,final_report,121,900,X,NWD,Texas,DK 27
999111041,final_report,121,900,X,NWD,Texas,Butter
999111042,final_report,121,900,X,NWD,Texas,Chispa
999111043,final_report,121,900,X,NWD,Texas,Herd #2
999111044,final_report,121,900,X,NWD,Texas,LW 203
999111045,final_report,121,900,X,NWD,Texas,3-T Magic Lady
999111046,final_report,121,900,X,NWD,Texas,N6080
999111047,final_report,999,901,55k,NWD_hyb,NWD_hyb,Dunny Hereford & Braham Marker
999111048,final_report,121,900,X,NWD,Texas,LW Kellye
999111049,final_report,121,900,X,NWD,Texas,3-T Tara Swan
999111050,final_report,999,901,55k,NWD_hyb,NWD_hyb,Classic PH 1003619
999111051,final_report,121,900,X,NWD,Texas,Legend 529
999111052,final_report,121,900,X,NWD,Texas,N9088
999111053,final_report,121,900,X,NWD,Texas,LW Sarah Jean
999111054,final_report,121,900,X,NWD,Texas,Rapunzel
999111055,final_report,121,900,X,NWD,Texas,3-T Lilly GW
999111056,final_report,121,900,X,NWD,Texas,N8110
999111057,final_report,121,900,X,NWD,Texas,Rosemary
999111058,final_report,999,901,55k,NWD_hyb,NWD_hyb,1/16 WATUSI
999111059,final_report,121,900,X,NWD,Texas,Mesquite 20
999111060,final_report,121,900,X,NWD,Texas,N6071
999111061,final_report,121,900,X,NWD,Texas,N6039
999111062,final_report,121,900,X,NWD,Texas,calamity jane
999111063,final_report,121,900,X,NWD,Texas,Bo Bob
999111064,final_report,121,900,X,NWD,Texas,Pearl
999111065,final_report,121,900,X,NWD,Texas,LW Mcs B
999111066,final_report,121,900,X,NWD,Texas,Fozzy
999111067,final_report,121,900,X,NWD,Texas,Midnight
999111068,final_report,121,900,X,NWD,Texas,Calamity jane
999111069,final_report,121,900,X,NWD,Texas,3-T Caramal GW
999111070,final_report,121,900,X,NWD,Texas,LW 18
999111071,final_report,121,900,X,NWD,Texas,6124
999111072,final_report,121,900,X,NWD,Texas,Santonio Yates
999111073,final_report,121,900,X,NWD,Texas,N6026
999111074,final_report,121,900,X,NWD,Texas,Miss BBR 51/0
999111075,final_report,121,900,X,NWD,Texas,3-T Silver
999111076,final_report,121,900,X,NWD,Texas,Sample 2
999111077,final_report,121,900,X,NWD,Texas,PANDA
999111078,final_report,121,900,X,NWD,Texas,N0092
999111079,final_report,121,900,X,NWD,Texas,Sample 1
888000001,final_report,888,888,X,SPAN,SPAN,Mostrenca 7963
888000002,final_report,888,888,X,SPAN,SPAN,Morucha or Toro Brava
888000003,final_report,888,888,X,SPAN,SPAN,24163
888000004,final_report,888,888,X,SPAN,SPAN,Cissy 181/1
888000005,final_report,888,888,X,SPAN,SPAN,24162
888000006,final_report,888,888,X,SPAN,SPAN,Mostrenca 7967
888000007,final_report,888,888,X,SPAN,SPAN,Mostrenca 7968
888000008,final_report,888,888,X,SPAN,SPAN,Canyon Senorita
888000009,final_report,888,888,X,SPAN,SPAN,24168
888000010,final_report,888,888,X,SPAN,SPAN,24169
888000011,final_report,888,888,X,SPAN,SPAN,Negra Avilena 40021
888000012,final_report,888,888,X,SPAN,SPAN,Vaca Palmera 2637
888000013,final_report,888,888,X,SPAN,SPAN,24165
888000014,final_report,888,888,X,SPAN,SPAN,24166
888000015,final_report,888,888,X,SPAN,SPAN,Negra Andaluza 10766
888000016,final_report,888,888,X,SPAN,SPAN,24160
888000017,final_report,888,888,X,SPAN,SPAN,24161
888000018,final_report,888,888,X,SPAN,SPAN,Mostrenca 7966
888000019,final_report,888,888,X,SPAN,SPAN,Negra Andaluza 10748
888000020,final_report,888,888,X,SPAN,SPAN,Negra Avilena 40015
888000021,final_report,888,888,X,SPAN,SPAN,Negra Avilena 40010
888000022,final_report,888,888,X,SPAN,SPAN,Bull
888000023,final_report,888,888,X,SPAN,SPAN,Vaca Canaria 5303
888000024,final_report,888,888,X,SPAN,SPAN,Vaca Canaria 5279
888000025,final_report,888,888,X,SPAN,SPAN,DWD 19
888000026,final_report,888,888,X,SPAN,SPAN,Negra Avilena 40019
888000027,final_report,888,888,X,SPAN,SPAN,Negra Andaluza 39987
888000028,final_report,888,888,X,SPAN,SPAN,Colorado Berrenda
888000029,final_report,888,888,X,SPAN,SPAN,Francesca 18/1
888000030,final_report,888,888,X,SPAN,SPAN,Calavera
888000031,final_report,888,888,X,SPAN,SPAN,Negra Avilena 48645
888000032,final_report,888,888,X,SPAN,SPAN,Canyon Red Beauty
888000033,final_report,888,888,X,SPAN,SPAN,24167
888000034,final_report,888,888,X,SPAN,SPAN,24170
888000035,final_report,888,888,X,SPAN,SPAN,Negra Andaluza 39639
888000036,final_report,888,888,X,SPAN,SPAN,Negra Andaluza 39983
888000037,final_report,888,888,X,SPAN,SPAN,Mostrenca 7959
888000038,final_report,888,888,X,SPAN,SPAN,ROLLIE
888000039,final_report,888,888,X,SPAN,SPAN,24159
888000040,final_report,888,888,X,SPAN,SPAN,Yellow
888000041,final_report,888,888,X,SPAN,SPAN,Vaca Palmera 2620
888000042,final_report,888,888,X,SPAN,SPAN,Vaca Palmera 2621
888000043,final_report,888,888,X,SPAN,SPAN,Vaca Palmera 2623
888000044,final_report,888,888,X,SPAN,SPAN,Vaca Palmera 2625
888000045,final_report,888,888,X,SPAN,SPAN,24164
888000046,final_report,888,888,X,SPAN,SPAN,Red Spot
888000047,final_report,888,888,X,SPAN,SPAN,Vaca Canaria 5283
888000048,final_report,888,888,X,SPAN,SPAN,Cisco 530/1
888000049,final_report,888,888,X,SPAN,SPAN,Vaca Canaria 5287
888000050,final_report,888,888,X,SPAN,SPAN,Vaca Canaria 5284
901000002,china/Bovine GGP HD 28mar2013/Penn State-Lei GGP HD 28mar2013_FinalReport.txt,901,901,80K,CHIN,CHIN,2
901000008,china/Bovine GGP HD 28mar2013/Penn State-Lei GGP HD 28mar2013_FinalReport.txt,901,901,80K,CHIN,CHIN,8
901000010,china/Bovine GGP HD 28mar2013/Penn State-Lei GGP HD 28mar2013_FinalReport.txt,901,901,80K,CHIN,CHIN,10
901000011,china/Bovine GGP HD 28mar2013/Penn State-Lei GGP HD 28mar2013_FinalReport.txt,901,901,80K,CHIN,CHIN,11
901000026,china/Bovine GGP HD 28mar2013/Penn State-Lei GGP HD 28mar2013_FinalReport.txt,901,901,80K,CHIN,CHIN,26
901000054,china/Bovine GGP HD 28mar2013/Penn State-Lei GGP HD 28mar2013_FinalReport.txt,901,901,80K,CHIN,CHIN,54
901000062,china/Bovine GGP HD 28mar2013/Penn State-Lei GGP HD 28mar2013_FinalReport.txt,901,901,80K,CHIN,CHIN,62
901000063,china/Bovine GGP HD 28mar2013/Penn State-Lei GGP HD 28mar2013_FinalReport.txt,901,901,80K,CHIN,CHIN,63
901000069,china/Bovine GGP HD 28mar2013/Penn State-Lei GGP HD 28mar2013_FinalReport.txt,901,901,80K,CHIN,CHIN,69
901000070,china/Bovine GGP HD 28mar2013/Penn State-Lei GGP HD 28mar2013_FinalReport.txt,901,901,80K,CHIN,CHIN,70
901000073,china/Bovine GGP HD 28mar2013/Penn State-Lei GGP HD 28mar2013_FinalReport.txt,901,901,80K,CHIN,CHIN,73
901000074,china/Bovine GGP HD 28mar2013/Penn State-Lei GGP HD 28mar2013_FinalReport.txt,901,901,80K,CHIN,CHIN,74
901000082,china/Bovine GGP HD 28mar2013/Penn State-Lei GGP HD 28mar2013_FinalReport.txt,901,901,80K,CHIN,CHIN,82
901000085,china/Bovine GGP HD 28mar2013/Penn State-Lei GGP HD 28mar2013_FinalReport.txt,901,901,80K,CHIN,CHIN,85
901000087,china/Bovine GGP HD 28mar2013/Penn State-Lei GGP HD 28mar2013_FinalReport.txt,901,901,80K,CHIN,CHIN,87
901000096,china/Bovine GGP HD 28mar2013/Penn State-Lei GGP HD 28mar2013_FinalReport.txt,901,901,80K,CHIN,CHIN,96
901000098,china/Bovine GGP HD 28mar2013/Penn State-Lei GGP HD 28mar2013_FinalReport.txt,901,901,80K,CHIN,CHIN,98
901000099,china/Bovine GGP HD 28mar2013/Penn State-Lei GGP HD 28mar2013_FinalReport.txt,901,901,80K,CHIN,CHIN,99
901000101,china/Bovine GGP HD 28mar2013/Penn State-Lei GGP HD 28mar2013_FinalReport.txt,901,901,80K,CHIN,CHIN,101
901000102,china/Bovine GGP HD 28mar2013/Penn State-Lei GGP HD 28mar2013_FinalReport.txt,901,901,80K,CHIN,CHIN,102
901000103,china/Bovine GGP HD 28mar2013/Penn State-Lei GGP HD 28mar2013_FinalReport.txt,901,901,80K,CHIN,CHIN,103
901000104,china/Bovine GGP HD 28mar2013/Penn State-Lei GGP HD 28mar2013_FinalReport.txt,901,901,80K,CHIN,CHIN,104
901000106,china/Bovine GGP HD 28mar2013/Penn State-Lei GGP HD 28mar2013_FinalReport.txt,901,901,80K,CHIN,CHIN,106
901000108,china/Bovine GGP HD 28mar2013/Penn State-Lei GGP HD 28mar2013_FinalReport.txt,901,901,80K,CHIN,CHIN,108
901000111,china/Bovine GGP HD 28mar2013/Penn State-Lei GGP HD 28mar2013_FinalReport.txt,901,901,80K,CHIN,CHIN,111
901000112,china/Bovine GGP HD 28mar2013/Penn State-Lei GGP HD 28mar2013_FinalReport.txt,901,901,80K,CHIN,CHIN,112
901000120,china/Bovine GGP HD 28mar2013/Penn State-Lei GGP HD 28mar2013_FinalReport.txt,901,901,80K,CHIN,CHIN,120
901000121,china/Bovine GGP HD 28mar2013/Penn State-Lei GGP HD 28mar2013_FinalReport.txt,901,901,80K,CHIN,CHIN,121
901000123,china/Bovine GGP HD 28mar2013/Penn State-Lei GGP HD 28mar2013_FinalReport.txt,901,901,80K,CHIN,CHIN,123
901000129,china/Bovine GGP HD 28mar2013/Penn State-Lei GGP HD 28mar2013_FinalReport.txt,901,901,80K,CHIN,CHIN,129
901000130,china/Bovine GGP HD 28mar2013/Penn State-Lei GGP HD 28mar2013_FinalReport.txt,901,901,80K,CHIN,CHIN,130
901000131,china/Bovine GGP HD 28mar2013/Penn State-Lei GGP HD 28mar2013_FinalReport.txt,901,901,80K,CHIN,CHIN,131
901000132,china/Bovine GGP HD 28mar2013/Penn State-Lei GGP HD 28mar2013_FinalReport.txt,901,901,80K,CHIN,CHIN,132
901000133,china/Bovine GGP HD 28mar2013/Penn State-Lei GGP HD 28mar2013_FinalReport.txt,901,901,80K,CHIN,CHIN,133
901000135,china/Bovine GGP HD 28mar2013/Penn State-Lei GGP HD 28mar2013_FinalReport.txt,901,901,80K,CHIN,CHIN,135
901000143,china/Bovine GGP HD 28mar2013/Penn State-Lei GGP HD 28mar2013_FinalReport.txt,901,901,80K,CHIN,CHIN,143
901000145,china/Bovine GGP HD 28mar2013/Penn State-Lei GGP HD 28mar2013_FinalReport.txt,901,901,80K,CHIN,CHIN,145
901000146,china/Bovine GGP HD 28mar2013/Penn State-Lei GGP HD 28mar2013_FinalReport.txt,901,901,80K,CHIN,CHIN,146
901000147,china/Bovine GGP HD 28mar2013/Penn State-Lei GGP HD 28mar2013_FinalReport.txt,901,901,80K,CHIN,CHIN,147
901000148,china/Bovine GGP HD 28mar2013/Penn State-Lei GGP HD 28mar2013_FinalReport.txt,901,901,80K,CHIN,CHIN,148
901000149,china/Bovine GGP HD 28mar2013/Penn State-Lei GGP HD 28mar2013_FinalReport.txt,901,901,80K,CHIN,CHIN,149
901000151,china/Bovine GGP HD 28mar2013/Penn State-Lei GGP HD 28mar2013_FinalReport.txt,901,901,80K,CHIN,CHIN,151
901000153,china/Bovine GGP HD 28mar2013/Penn State-Lei GGP HD 28mar2013_FinalReport.txt,901,901,80K,CHIN,CHIN,153
901000154,china/Bovine GGP HD 28mar2013/Penn State-Lei GGP HD 28mar2013_FinalReport.txt,901,901,80K,CHIN,CHIN,154
901000156,china/Bovine GGP HD 28mar2013/Penn State-Lei GGP HD 28mar2013_FinalReport.txt,901,901,80K,CHIN,CHIN,156
901000158,china/Bovine GGP HD 28mar2013/Penn State-Lei GGP HD 28mar2013_FinalReport.txt,901,901,80K,CHIN,CHIN,158
901000159,china/Bovine GGP HD 28mar2013/Penn State-Lei GGP HD 28mar2013_FinalReport.txt,901,901,80K,CHIN,CHIN,159
901000165,china/Bovine GGP HD 28mar2013/Penn State-Lei GGP HD 28mar2013_FinalReport.txt,901,901,80K,CHIN,CHIN,165
901000166,china/Bovine GGP HD 28mar2013/Penn State-Lei GGP HD 28mar2013_FinalReport.txt,901,901,80K,CHIN,CHIN,166
901000168,china/Bovine GGP HD 28mar2013/Penn State-Lei GGP HD 28mar2013_FinalReport.txt,901,901,80K,CHIN,CHIN,168
901000169,china/Bovine GGP HD 28mar2013/Penn State-Lei GGP HD 28mar2013_FinalReport.txt,901,901,80K,CHIN,CHIN,169
901000170,china/Bovine GGP HD 28mar2013/Penn State-Lei GGP HD 28mar2013_FinalReport.txt,901,901,80K,CHIN,CHIN,170
901000172,china/Bovine GGP HD 28mar2013/Penn State-Lei GGP HD 28mar2013_FinalReport.txt,901,901,80K,CHIN,CHIN,172
901000173,china/Bovine GGP HD 28mar2013/Penn State-Lei GGP HD 28mar2013_FinalReport.txt,901,901,80K,CHIN,CHIN,173
901000174,china/Bovine GGP HD 28mar2013/Penn State-Lei GGP HD 28mar2013_FinalReport.txt,901,901,80K,CHIN,CHIN,174
901000176,china/Bovine GGP HD 28mar2013/Penn State-Lei GGP HD 28mar2013_FinalReport.txt,901,901,80K,CHIN,CHIN,176
901000178,china/Bovine GGP HD 28mar2013/Penn State-Lei GGP HD 28mar2013_FinalReport.txt,901,901,80K,CHIN,CHIN,178
901000179,china/Bovine GGP HD 28mar2013/Penn State-Lei GGP HD 28mar2013_FinalReport.txt,901,901,80K,CHIN,CHIN,179
901000180,china/Bovine GGP HD 28mar2013/Penn State-Lei GGP HD 28mar2013_FinalReport.txt,901,901,80K,CHIN,CHIN,180
901000181,china/Bovine GGP HD 28mar2013/Penn State-Lei GGP HD 28mar2013_FinalReport.txt,901,901,80K,CHIN,CHIN,181
901000182,china/Bovine GGP HD 28mar2013/Penn State-Lei GGP HD 28mar2013_FinalReport.txt,901,901,80K,CHIN,CHIN,182
901000183,china/Bovine GGP HD 28mar2013/Penn State-Lei GGP HD 28mar2013_FinalReport.txt,901,901,80K,CHIN,CHIN,183
901000184,china/Bovine GGP HD 28mar2013/Penn State-Lei GGP HD 28mar2013_FinalReport.txt,901,901,80K,CHIN,CHIN,184
901000185,china/Bovine GGP HD 28mar2013/Penn State-Lei GGP HD 28mar2013_FinalReport.txt,901,901,80K,CHIN,CHIN,185
901000186,china/Bovine GGP HD 28mar2013/Penn State-Lei GGP HD 28mar2013_FinalReport.txt,901,901,80K,CHIN,CHIN,186
901000188,china/Bovine GGP HD 28mar2013/Penn State-Lei GGP HD 28mar2013_FinalReport.txt,901,901,80K,CHIN,CHIN,188
901000190,china/Bovine GGP HD 28mar2013/Penn State-Lei GGP HD 28mar2013_FinalReport.txt,901,901,80K,CHIN,CHIN,190
901000191,china/Bovine GGP HD 28mar2013/Penn State-Lei GGP HD 28mar2013_FinalReport.txt,901,901,80K,CHIN,CHIN,191
901000192,china/Bovine GGP HD 28mar2013/Penn State-Lei GGP HD 28mar2013_FinalReport.txt,901,901,80K,CHIN,CHIN,192
901000193,china/Bovine GGP HD 28mar2013/Penn State-Lei GGP HD 28mar2013_FinalReport.txt,901,901,80K,CHIN,CHIN,193
901000195,china/Bovine GGP HD 28mar2013/Penn State-Lei GGP HD 28mar2013_FinalReport.txt,901,901,80K,CHIN,CHIN,195
901000196,china/Bovine GGP HD 28mar2013/Penn State-Lei GGP HD 28mar2013_FinalReport.txt,901,901,80K,CHIN,CHIN,196
901000197,china/Bovine GGP HD 28mar2013/Penn State-Lei GGP HD 28mar2013_FinalReport.txt,901,901,80K,CHIN,CHIN,197
901000198,china/Bovine GGP HD 28mar2013/Penn State-Lei GGP HD 28mar2013_FinalReport.txt,901,901,80K,CHIN,CHIN,198
901000199,china/Bovine GGP HD 28mar2013/Penn State-Lei GGP HD 28mar2013_FinalReport.txt,901,901,80K,CHIN,CHIN,199
901000201,china/Bovine GGP HD 28mar2013/Penn State-Lei GGP HD 28mar2013_FinalReport.txt,901,901,80K,CHIN,CHIN,201
901000204,china/Bovine GGP HD 28mar2013/Penn State-Lei GGP HD 28mar2013_FinalReport.txt,901,901,80K,CHIN,CHIN,204
901000213,china/Bovine GGP HD 28mar2013/Penn State-Lei GGP HD 28mar2013_FinalReport.txt,901,901,80K,CHIN,CHIN,213
901000217,china/Bovine GGP HD 28mar2013/Penn State-Lei GGP HD 28mar2013_FinalReport.txt,901,901,80K,CHIN,CHIN,217
901000218,china/Bovine GGP HD 28mar2013/Penn State-Lei GGP HD 28mar2013_FinalReport.txt,901,901,80K,CHIN,CHIN,218
901000222,china/Bovine GGP HD 28mar2013/Penn State-Lei GGP HD 28mar2013_FinalReport.txt,901,901,80K,CHIN,CHIN,222
901000225,china/Bovine GGP HD 28mar2013/Penn State-Lei GGP HD 28mar2013_FinalReport.txt,901,901,80K,CHIN,CHIN,225
901000226,china/Bovine GGP HD 28mar2013/Penn State-Lei GGP HD 28mar2013_FinalReport.txt,901,901,80K,CHIN,CHIN,226
901000234,china/Bovine GGP HD 28mar2013/Penn State-Lei GGP HD 28mar2013_FinalReport.txt,901,901,80K,CHIN,CHIN,234
901000235,china/Bovine GGP HD 28mar2013/Penn State-Lei GGP HD 28mar2013_FinalReport.txt,901,901,80K,CHIN,CHIN,235
901000237,china/Bovine GGP HD 28mar2013/Penn State-Lei GGP HD 28mar2013_FinalReport.txt,901,901,80K,CHIN,CHIN,237
901000242,china/Bovine GGP HD 28mar2013/Penn State-Lei GGP HD 28mar2013_FinalReport.txt,901,901,80K,CHIN,CHIN,242
901000246,china/Bovine GGP HD 28mar2013/Penn State-Lei GGP HD 28mar2013_FinalReport.txt,901,901,80K,CHIN,CHIN,246
901000247,china/Bovine GGP HD 28mar2013/Penn State-Lei GGP HD 28mar2013_FinalReport.txt,901,901,80K,CHIN,CHIN,247
901000249,china/Bovine GGP HD 28mar2013/Penn State-Lei GGP HD 28mar2013_FinalReport.txt,901,901,80K,CHIN,CHIN,249
901000250,china/Bovine GGP HD 28mar2013/Penn State-Lei GGP HD 28mar2013_FinalReport.txt,901,901,80K,CHIN,CHIN,250
901000251,china/Bovine GGP HD 28mar2013/Penn State-Lei GGP HD 28mar2013_FinalReport.txt,901,901,80K,CHIN,CHIN,251
901000252,china/Bovine GGP HD 28mar2013/Penn State-Lei GGP HD 28mar2013_FinalReport.txt,901,901,80K,CHIN,CHIN,252
901000255,china/Bovine GGP HD 28mar2013/Penn State-Lei GGP HD 28mar2013_FinalReport.txt,901,901,80K,CHIN,CHIN,255
901000256,china/Bovine GGP HD 28mar2013/Penn State-Lei GGP HD 28mar2013_FinalReport.txt,901,901,80K,CHIN,CHIN,256
901000259,china/Bovine GGP HD 28mar2013/Penn State-Lei GGP HD 28mar2013_FinalReport.txt,901,901,80K,CHIN,CHIN,259
901000260,china/Bovine GGP HD 28mar2013/Penn State-Lei GGP HD 28mar2013_FinalReport.txt,901,901,80K,CHIN,CHIN,260
901000261,china/Bovine GGP HD 28mar2013/Penn State-Lei GGP HD 28mar2013_FinalReport.txt,901,901,80K,CHIN,CHIN,261
901000262,china/Bovine GGP HD 28mar2013/Penn State-Lei GGP HD 28mar2013_FinalReport.txt,901,901,80K,CHIN,CHIN,262
901000263,china/Bovine GGP HD 28mar2013/Penn State-Lei GGP HD 28mar2013_FinalReport.txt,901,901,80K,CHIN,CHIN,263
901000266,china/Bovine GGP HD 28mar2013/Penn State-Lei GGP HD 28mar2013_FinalReport.txt,901,901,80K,CHIN,CHIN,266
901000267,china/Bovine GGP HD 28mar2013/Penn State-Lei GGP HD 28mar2013_FinalReport.txt,901,901,80K,CHIN,CHIN,267
901000269,china/Bovine GGP HD 28mar2013/Penn State-Lei GGP HD 28mar2013_FinalReport.txt,901,901,80K,CHIN,CHIN,269
901000270,china/Bovine GGP HD 28mar2013/Penn State-Lei GGP HD 28mar2013_FinalReport.txt,901,901,80K,CHIN,CHIN,270
901000273,china/Bovine GGP HD 28mar2013/Penn State-Lei GGP HD 28mar2013_FinalReport.txt,901,901,80K,CHIN,CHIN,273
901000278,china/Bovine GGP HD 28mar2013/Penn State-Lei GGP HD 28mar2013_FinalReport.txt,901,901,80K,CHIN,CHIN,278
901000285,china/Bovine GGP HD 28mar2013/Penn State-Lei GGP HD 28mar2013_FinalReport.txt,901,901,80K,CHIN,CHIN,285
901000288,china/Bovine GGP HD 28mar2013/Penn State-Lei GGP HD 28mar2013_FinalReport.txt,901,901,80K,CHIN,CHIN,288
901000289,china/Bovine GGP HD 28mar2013/Penn State-Lei GGP HD 28mar2013_FinalReport.txt,901,901,80K,CHIN,CHIN,289
901000295,china/Bovine GGP HD 28mar2013/Penn State-Lei GGP HD 28mar2013_FinalReport.txt,901,901,80K,CHIN,CHIN,295
